index,price
9699,1130391.6
9700,784985.933333
9701,532486.4
9702,1559127.5
9703,1185975.83333
9704,1617570.0
9705,3666187.0
9706,1453722.23333
9707,3144449.0
9708,1599051.3
9709,2307487.26667
9710,3371418.26667
9711,968569.333333
9712,713714.733333
9713,1779174.5
9714,1382317.73333
9715,1118003.2
9716,3826447.9
9717,1070971.2
9718,849025.066667
9719,1826744.0
9720,2496873.6
9721,2022060.6
9722,1204949.13333
9723,1566829.6
9724,2138203.46667
9725,618335.2
9726,3560672.66667
9727,2577767.5
9728,2304004.36667
9729,1178021.86667
9730,16678334.1667
9731,2104474.26667
9732,642097.866667
9733,2709051.2
9734,1243151.0
9735,5457168.9
9736,8279676.0
9737,2742036.26667
9738,823840.833333
9739,2480741.66667
9740,4729043.3
9741,1112629.7
9742,1754700.03333
9743,1013464.13333
9744,989746.133333
9745,1529539.36667
9746,1003840.2
9747,1465826.13333
9748,830793.6
9749,3255354.5
9750,1044526.6
9751,1516540.53333
9752,986147.9
9753,2288530.0
9754,4398056.0
9755,1047926.0
9756,651009.0
9757,757281.1
9758,1730460.0
9759,966001.6
9760,7022464.9
9761,6969845.93333
9762,5213757.26667
9763,838015.966667
9764,742408.333333
9765,923535.0
9766,596140.3
9767,2972041.66667
9768,1050675.2
9769,2944252.8
9770,2022068.46667
9771,1024568.96667
9772,1581159.16667
9773,3552233.53333
9774,1647206.16667
9775,789855.133333
9776,1707084.4
9777,1705235.4
9778,1305774.86667
9779,1718059.63333
9780,3570400.73333
9781,1064010.13333
9782,2476223.7
9783,1438075.0
9784,2640404.0
9785,928542.3
9786,1458626.86667
9787,1099251.73333
9788,925384.0
9789,4425314.6
9790,1977114.53333
9791,2854312.06667
9792,1107008.4
9793,3170758.33333
9794,4720342.56667
9795,787668.7
9796,1032071.7
9797,3487064.16667
9798,3697352.16667
9799,2044274.5
9800,1110462.6
9801,1280114.0
9802,1972392.8
9803,1814799.7
9804,1273774.5
9805,1091520.7
9806,1245006.0
9807,1304182.2
9808,2669830.33333
9809,3314396.8
9810,9210725.86667
9811,983533.2
9812,970709.066667
9813,766336.533333
9814,1027981.06667
9815,796639.533333
9816,3032204.93333
9817,1078966.93333
9818,1717792.66667
9819,1076693.56667
9820,604534.333333
9821,5330582.6
9822,1087060.5
9823,1345361.26667
9824,3016583.96667
9825,1071690.3
9826,1647054.0
9827,1683375.66667
9828,3722137.66667
9829,893381.8
9830,1147541.86667
9831,7856917.2
9832,1746186.6
9833,1870329.33333
9834,1132383.66667
9835,851718.7
9836,1944124.33333
9837,1256872.5
9838,763604.5
9839,2356258.0
9840,4300243.33333
9841,2855573.0
9842,1042929.06667
9843,4496178.0
9844,1630030.0
9845,1560344.66667
9846,898108.066667
9847,943957.566667
9848,7563681.2
9849,1502143.8
9850,792068.833333
9851,3088415.2
9852,841752.066667
9853,25121681.0
9854,560812.266667
9855,2212358.93333
9856,3687816.16667
9857,4158292.0
9858,1269677.63333
9859,2099822.5
9860,5207229.46667
9861,3273051.53333
9862,2109305.26667
9863,1576085.33333
9864,1243371.96667
9865,2237274.13333
9866,873334.2
9867,1704028.33333
9868,1762680.4
9869,911786.1
9870,2160428.4
9871,1129380.9
9872,2016777.76667
9873,956956.0
9874,921914.0
9875,1201562.16667
9876,852896.733333
9877,1357320.8
9878,834347.133333
9879,1494651.6
9880,476885.933333
9881,1207890.8
9882,1355016.26667
9883,1394309.0
9884,1320394.13333
9885,2445542.36667
9886,9947863.66667
9887,2859667.5
9888,519219.9
9889,916915.8
9890,1917350.26667
9891,748446.6
9892,2036264.63333
9893,1833678.93333
9894,2618588.0
9895,1245419.5
9896,18139215.3
9897,1111521.6
9898,834324.4
9899,1557673.33333
9900,2171325.2
9901,1593263.06667
9902,1463276.7
9903,793909.8
9904,3060804.93333
9905,947562.3
9906,1820709.33333
9907,1785364.2
9908,1424437.43333
9909,1370351.2
9910,1461306.46667
9911,1754305.4
9912,1318218.36667
9913,1421693.6
9914,3825040.0
9915,1353271.46667
9916,2484153.9
9917,914353.4
9918,1738778.53333
9919,1283434.13333
9920,3073880.93333
9921,1159241.56667
9922,1287859.46667
9923,6277689.0
9924,1120526.1
9925,2546035.8
9926,1137836.0
9927,2086156.8
9928,1177915.2
9929,2093903.76667
9930,1311042.6
9931,8374450.93333
9932,2161737.46667
9933,2449482.8
9934,1028073.8
9935,1236826.43333
9936,2371960.6
9937,1199579.7
9938,972567.2
9939,1213692.43333
9940,908446.266667
9941,1929221.3
9942,1369035.1
9943,1054338.26667
9944,2480534.26667
9945,902062.8
9946,1764697.2
9947,2097150.0
9948,3728330.1
9949,1440064.26667
9950,891501.8
9951,673730.9
9952,1484388.53333
9953,1626703.86667
9954,2891172.2
9955,2437709.53333
9956,1362439.2
9957,18959762.0
9958,3134952.0
9959,1761122.86667
9960,2923831.93333
9961,1245070.2
9962,3043320.03333
9963,2456507.73333
9964,2227585.33333
9965,18425820.0
9966,6730322.66667
9967,1345658.8
9968,1045803.0
9969,2206659.0
9970,991910.8
9971,825606.8
9972,1732701.13333
9973,10530556.0
9974,654519.6
9975,514724.6
9976,1036143.9
9977,1330828.8
9978,1358285.0
9979,2967904.8
9980,1238647.86667
9981,2790860.33333
9982,1092974.2
9983,1110614.63333
9984,979092.4
9985,699027.6
9986,1768812.13333
9987,2253913.33333
9988,725016.0
9989,824488.0
9990,597341.866667
9991,1680637.7
9992,1300327.13333
9993,512018.666667
9994,931473.6
9995,947818.666667
9996,1475097.86667
9997,2335912.2
9998,3011216.03333
9999,943187.4
10000,966998.7
10001,841076.466667
10002,1869363.33333
10003,22436348.0
10004,949610.5
10005,2470336.0
10006,1158783.6
10007,2964672.16667
10008,1495722.53333
10009,1720897.2
10010,3308464.46667
10011,6115929.3
10012,1007414.33333
10013,2270670.0
10014,809955.4
10015,738872.066667
10016,4577769.16667
10017,792097.2
10018,908173.466667
10019,1314860.0
10020,1036479.66667
10021,976216.266667
10022,1563710.13333
10023,982030.833333
10024,983630.4
10025,1292343.2
10026,1044702.4
10027,3224677.83333
10028,1253203.1
10029,1140048.0
10030,2475830.7
10031,1369081.93333
10032,1510780.0
10033,1677396.6
10034,917336.733333
10035,1002771.9
10036,929974.5
10037,7278791.66667
10038,807931.8
10039,1031460.6
10040,764114.866667
10041,1162822.66667
10042,1850203.26667
10043,1164138.3
10044,839176.2
10045,1343574.0
10046,2104900.3
10047,580552.0
10048,1020920.0
10049,2852532.0
10050,4427150.4
10051,1590091.86667
10052,1048234.0
10053,928929.0
10054,581410.666667
10055,1810823.0
10056,905366.0
10057,1266269.4
10058,2672340.0
10059,1019142.46667
10060,1366546.93333
10061,4642042.66667
10062,1368768.6
10063,1701898.4
10064,877310.333333
10065,1573027.2
10066,1984505.9
10067,944249.666667
10068,1194595.06667
10069,1838193.0
10070,1282671.0
10071,1223626.6
10072,1507662.0
10073,1068928.0
10074,1305385.03333
10075,1862138.0
10076,881163.0
10077,798265.6
10078,811080.0
10079,791418.9
10080,862842.8
10081,618861.6
10082,2342118.4
10083,4176504.76667
10084,989194.3
10085,1192063.36667
10086,1122401.3
10087,790574.8
10088,746932.333333
10089,909569.1
10090,2252386.6
10091,1357606.4
10092,986044.466667
10093,2276395.3
10094,962325.0
10095,1131856.26667
10096,2703238.13333
10097,3017451.26667
10098,592898.133333
10099,1981764.33333
10100,3001826.2
10101,2042786.66667
10102,952078.0
10103,1800199.16667
10104,973895.666667
10105,2338214.86667
10106,732667.933333
10107,1332732.06667
10108,2620153.2
10109,2252370.1
10110,1204911.33333
10111,805142.0
10112,3761303.1
10113,1590279.13333
10114,2480193.8
10115,1055161.2
10116,2203954.4
10117,842966.4
10118,2674853.33333
10119,1313942.66667
10120,1910406.4
10121,3461121.0
10122,1971419.23333
10123,6765025.33333
10124,1224280.63333
10125,2432042.1
10126,1587608.86667
10127,640417.066667
10128,1111233.33333
10129,1078821.6
10130,1200045.0
10131,2544877.6
10132,1887200.2
10133,1373153.63333
10134,1016268.76667
10135,9866047.46667
10136,3594710.1
10137,962942.933333
10138,7315776.33333
10139,1851234.83333
10140,1156756.2
10141,1014953.6
10142,4137115.73333
10143,1247072.4
10144,1119143.66667
10145,949493.666667
10146,1309427.2
10147,2860370.7
10148,1693653.33333
10149,1121160.26667
10150,2211585.0
10151,1105650.06667
10152,1214492.76667
10153,1138090.3
10154,2523626.76667
10155,1680157.96667
10156,934339.833333
10157,1722498.0
10158,773039.866667
10159,942331.866667
10160,918521.333333
10161,6084575.06667
10162,1934805.6
10163,1296772.0
10164,1213389.0
10165,6600542.3
10166,1879521.06667
10167,1110595.7
10168,3640023.0
10169,798130.533333
10170,2316018.5
10171,1147082.66667
10172,1315477.83333
10173,1395426.0
10174,3344834.66667
10175,11961976.2667
10176,1608589.4
10177,4511143.4
10178,2540012.7
10179,1089420.0
10180,1918385.9
10181,507644.233333
10182,705578.7
10183,1304679.2
10184,2909725.0
10185,596630.866667
10186,2419834.16667
10187,3213623.2
10188,1364559.0
10189,2070759.0
10190,3590988.0
10191,817036.733333
10192,1972762.73333
10193,922043.7
10194,1099013.66667
10195,1042307.5
10196,2172606.0
10197,1587031.6
10198,1109208.33333
10199,831135.6
10200,1000229.03333
10201,2916146.0
10202,1479616.53333
10203,1434785.06667
10204,932701.866667
10205,2276564.4
10206,2014376.0
10207,937010.966667
10208,1646330.4
10209,1335653.3
10210,5446783.0
10211,2462500.86667
10212,599681.8
10213,1613009.06667
10214,2923650.33333
10215,1146271.63333
10216,947028.0
10217,856838.933333
10218,862401.433333
10219,2680769.66667
10220,806113.366667
10221,1239881.06667
10222,1016823.5
10223,1966822.73333
10224,1102716.33333
10225,2254425.33333
10226,928239.666667
10227,1073450.6
10228,3830367.66667
10229,1209685.5
10230,2471061.6
10231,4050649.66667
10232,4809352.5
10233,833957.366667
10234,904687.0
10235,1647249.56667
10236,1181170.23333
10237,4142565.9
10238,3006591.03333
10239,1634535.0
10240,3642459.6
10241,643747.833333
10242,5228643.53333
10243,731410.966667
10244,8577771.66667
10245,3819170.13333
10246,1072008.93333
10247,2948127.46667
10248,3032593.33333
10249,2369981.9
10250,1951258.4
10251,957188.7
10252,1023746.6
10253,911151.8
10254,1327768.6
10255,2190211.46667
10256,911316.0
10257,1366104.6
10258,972758.5
10259,3364896.2
10260,2568474.33333
10261,1160694.33333
10262,874813.333333
10263,653953.6
10264,5176968.33333
10265,2330779.5
10266,3194120.4
10267,768846.4
10268,1970406.53333
10269,2417698.5
10270,1605550.2
10271,1924980.4
10272,3283215.83333
10273,1364508.93333
10274,10066708.4
10275,1301033.33333
10276,2307723.36667
10277,1231687.93333
10278,1153760.53333
10279,779896.533333
10280,772839.733333
10281,1064271.0
10282,974688.6
10283,1319895.3
10284,3073856.33333
10285,829077.233333
10286,969780.933333
10287,848150.4
10288,5830901.7
10289,870500.8
10290,805965.6
10291,4140556.0
10292,2627177.2
10293,1989504.0
10294,1957398.1
10295,974952.933333
10296,1248390.26667
10297,857993.766667
10298,989843.4
10299,2249611.46667
10300,3154813.2
10301,1223141.23333
10302,2491320.0
10303,1940274.5
10304,879190.0
10305,949095.0
10306,1341927.5
10307,1009187.13333
10308,1836791.93333
10309,3251612.0
10310,3162506.9
10311,2137247.93333
10312,1142904.0
10313,1695863.4
10314,4772200.8
10315,2940568.16667
10316,1493220.5
10317,1783810.0
10318,639564.066667
10319,2291172.33333
10320,1189718.93333
10321,785721.3
10322,2097619.23333
10323,862967.533333
10324,702246.6
10325,1504858.7
10326,1167925.0
10327,1260224.0
10328,1209196.8
10329,1523205.2
10330,3106431.63333
10331,948178.666667
10332,1578698.1
10333,819367.2
10334,1793445.33333
10335,1666488.6
10336,606459.333333
10337,2560347.86667
10338,3780230.8
10339,615144.0
10340,1528347.6
10341,1067913.0
10342,806360.633333
10343,881550.933333
10344,3327636.63333
10345,1282188.93333
10346,1211084.0
10347,2379853.73333
10348,1014625.83333
10349,3589801.86667
10350,668586.8
10351,2430696.13333
10352,2133818.5
10353,2701789.3
10354,2273587.6
10355,680869.8
10356,8738383.83333
10357,4417291.9
10358,1575378.0
10359,1176979.5
10360,1407634.0
10361,2443683.5
10362,2009766.4
10363,1118261.83333
10364,988828.8
10365,813095.4
10366,1689304.16667
10367,1080201.83333
10368,1254305.06667
10369,1128060.0
10370,1088810.8
10371,1187808.53333
10372,1276233.33333
10373,1850035.2
10374,979737.233333
10375,1022093.6
10376,894272.0
10377,6329181.6
10378,1033283.06667
10379,2885405.83333
10380,1197634.5
10381,1584452.0
10382,1107010.93333
10383,5245161.2
10384,3269204.0
10385,565833.0
10386,998677.333333
10387,4121037.83333
10388,2648249.26667
10389,739450.6
10390,4382939.3
10391,3245206.33333
10392,1549336.0
10393,1382799.6
10394,5736187.0
10395,2591976.4
10396,4173294.2
10397,801615.0
10398,1454858.3
10399,3923588.5
10400,2774883.06667
10401,1990923.33333
10402,1225276.8
10403,662298.0
10404,976549.2
10405,1125951.4
10406,957528.0
10407,2193552.0
10408,3462394.0
10409,971705.9
10410,3682952.0
10411,3127363.63333
10412,908700.0
10413,811988.6
10414,795286.8
10415,1402454.1
10416,1349873.83333
10417,2717920.0
10418,1193038.0
10419,2515621.06667
10420,3296365.33333
10421,569398.733333
10422,704205.0
10423,1201333.46667
10424,1066208.93333
10425,1265313.0
10426,855497.7
10427,1170019.66667
10428,920739.266667
10429,850310.0
10430,1270106.83333
10431,2596563.4
10432,3027315.2
10433,1719484.16667
10434,1071640.33333
10435,4137560.0
10436,1306139.33333
10437,780759.333333
10438,2597275.2
10439,3539427.4
10440,3048436.8
10441,4383948.8
10442,1530469.2
10443,1224707.4
10444,1126808.53333
10445,1102465.2
10446,1666672.93333
10447,1178307.9
10448,1136784.0
10449,2379877.86667
10450,1629316.0
10451,906052.833333
10452,852987.666667
10453,1649904.7
10454,2079487.2
10455,1875345.46667
10456,1422210.46667
10457,6258177.86667
10458,3928389.03333
10459,1959742.93333
10460,1051057.8
10461,1105032.2
10462,1776206.66667
10463,819555.833333
10464,1608456.36667
10465,1057164.33333
10466,1329956.66667
10467,1151350.6
10468,2732476.7
10469,10592546.6667
10470,4586796.16667
10471,1223035.46667
10472,1178790.66667
10473,1302157.63333
10474,1492094.33333
10475,946764.0
10476,2275087.16667
10477,1799683.2
10478,4004300.5
10479,727195.0
10480,2230725.46667
10481,3326362.0
10482,3914733.06667
10483,2364739.16667
10484,1828950.53333
10485,1889452.8
10486,847742.0
10487,1174400.0
10488,654585.0
10489,1666380.66667
10490,760308.066667
10491,950832.933333
10492,1913416.0
10493,2457604.8
10494,1313559.06667
10495,1011641.66667
10496,866067.6
10497,1286870.66667
10498,11791276.5
10499,1358997.6
10500,862879.2
10501,1591630.66667
10502,1150773.33333
10503,4032043.83333
10504,1402455.83333
10505,615897.9
10506,1130278.93333
10507,4234431.66667
10508,1884587.13333
10509,1560994.4
10510,6209228.43333
10511,1347794.13333
10512,517385.333333
10513,2029477.26667
10514,4274553.06667
10515,878705.1
10516,4839342.4
10517,1001011.0
10518,2851758.9
10519,1000128.8
10520,1469523.93333
10521,847016.866667
10522,1385802.13333
10523,3662643.6
10524,672336.0
10525,2696457.4
10526,1340158.33333
10527,1837841.83333
10528,1212821.33333
10529,1593808.0
10530,928469.433333
10531,10509263.3333
10532,5388186.2
10533,2577524.16667
10534,563835.2
10535,1858598.8
10536,3813168.33333
10537,1719338.7
10538,997240.266667
10539,1307909.7
10540,2834191.16667
10541,1019495.53333
10542,1172433.0
10543,1853918.66667
10544,1064478.9
10545,2601115.0
10546,2964820.13333
10547,1033567.73333
10548,1191168.0
10549,862720.333333
10550,2714134.8
10551,808938.666667
10552,2186212.46667
10553,1356402.33333
10554,1032927.4
10555,5126325.86667
10556,983967.833333
10557,1122820.83333
10558,1650107.33333
10559,1603287.5
10560,1657946.4
10561,1896736.4
10562,2591167.2
10563,1923537.0
10564,1360927.8
10565,1771672.0
10566,1457251.33333
10567,1120329.33333
10568,1037909.2
10569,927107.0
10570,1094787.2
10571,1199686.5
10572,971814.3
10573,2465169.2
10574,974525.066667
10575,1568606.66667
10576,719154.8
10577,978031.2
10578,3307006.73333
10579,1210309.1
10580,3467819.6
10581,1244018.66667
10582,999470.933333
10583,851678.666667
10584,859762.833333
10585,3558597.46667
10586,1148191.73333
10587,1035916.16667
10588,1355128.66667
10589,1386794.66667
10590,4310402.4
10591,1467768.4
10592,520944.0
10593,803540.0
10594,920852.6
10595,1088097.66667
10596,1483976.2
10597,1559619.66667
10598,3997467.6
10599,1082561.76667
10600,2233588.26667
10601,1448021.73333
10602,1028267.73333
10603,1451633.4
10604,1763006.0
10605,1364587.6
10606,630313.5
10607,1172908.2
10608,1832342.83333
10609,1622592.0
10610,1605459.9
10611,4263892.1
10612,2375120.8
10613,1214658.2
10614,1003291.2
10615,507159.066667
10616,1184456.9
10617,519658.666667
10618,1108005.06667
10619,1353981.8
10620,1438717.46667
10621,1341402.3
10622,1354219.3
10623,2605295.0
10624,1446954.3
10625,1480247.9
10626,1062299.33333
10627,851410.0
10628,1200583.8
10629,915260.0
10630,870342.933333
10631,1703753.33333
10632,1960237.6
10633,1025219.4
10634,956340.0
10635,977580.8
10636,538185.133333
10637,870555.733333
10638,746228.133333
10639,1050588.0
10640,1025914.0
10641,889433.933333
10642,1128044.53333
10643,1619501.56667
10644,1255618.33333
10645,2269890.3
10646,932602.0
10647,1173198.6
10648,8012586.66667
10649,1040495.86667
10650,1275099.06667
10651,1177209.6
10652,5262500.13333
10653,1932207.8
10654,1139524.0
10655,4226403.3
10656,1359155.4
10657,972193.5
10658,872160.5
10659,767889.066667
10660,1282115.33333
10661,3756834.0
10662,915028.4
10663,1491140.0
10664,2189296.46667
10665,1335795.2
10666,1311490.13333
10667,3635729.16667
10668,909612.0
10669,643745.1
10670,3434249.16667
10671,1568732.0
10672,1255924.8
10673,1535292.16667
10674,2588409.9
10675,1659759.2
10676,1925979.46667
10677,2051632.73333
10678,820577.633333
10679,2837541.0
10680,868621.0
10681,1255335.83333
10682,2712025.86667
10683,1264340.66667
10684,927169.266667
10685,1281753.6
10686,4222265.6
10687,1167512.0
10688,1476216.3
10689,14018326.4
10690,785332.566667
10691,543156.0
10692,1795061.6
10693,2462791.2
10694,3927417.33333
10695,1148031.6
10696,855007.533333
10697,1555606.66667
10698,663919.366667
10699,1865923.2
10700,1159129.06667
10701,2895693.86667
10702,1922665.03333
10703,1207451.66667
10704,1024339.2
10705,932591.6
10706,2717942.4
10707,2240066.6
10708,1142695.5
10709,1170836.03333
10710,1467088.33333
10711,728859.566667
10712,1187434.5
10713,1673232.0
10714,1859089.4
10715,1021516.23333
10716,895621.2
10717,3473828.0
10718,1533786.8
10719,3862905.2
10720,1589119.2
10721,939320.666667
10722,1418850.0
10723,3746910.2
10724,1080460.5
10725,3848349.23333
10726,975399.833333
10727,1052518.93333
10728,3154266.0
10729,1631972.46667
10730,1157160.53333
10731,1127859.33333
10732,1400238.23333
10733,1169418.6
10734,851221.6
10735,1476717.8
10736,2583604.2
10737,1384773.2
10738,2754026.56667
10739,1517034.66667
10740,1005183.6
10741,1311337.33333
10742,1522190.6
10743,810927.5
10744,580774.133333
10745,952495.833333
10746,930372.0
10747,4902000.0
10748,3076288.8
10749,1018719.33333
10750,1631754.16667
10751,3603246.4
10752,1685127.73333
10753,2670168.56667
10754,1210626.0
10755,3519253.96667
10756,1256591.6
10757,5911895.03333
10758,1208470.83333
10759,1396625.0
10760,2814944.1
10761,768825.633333
10762,975875.466667
10763,1564828.0
10764,9727283.33333
10765,1345842.33333
10766,2611649.93333
10767,1187271.6
10768,1588671.7
10769,577865.6
10770,1550913.0
10771,1801322.0
10772,1579999.66667
10773,1861283.2
10774,5137797.6
10775,4487800.5
10776,1084128.0
10777,793232.0
10778,1044113.06667
10779,644557.1
10780,1481436.13333
10781,1606327.53333
10782,7776549.93333
10783,1365015.3
10784,1403781.8
10785,1044137.4
10786,4409215.76667
10787,762336.0
10788,2325829.0
10789,1209352.66667
10790,1872425.83333
10791,777238.0
10792,762603.333333
10793,1037302.93333
10794,1225810.66667
10795,1307576.66667
10796,772220.166667
10797,1181885.86667
10798,7205367.16667
10799,819316.8
10800,852008.7
10801,698214.6
10802,1526892.4
10803,1761098.73333
10804,4147098.66667
10805,545078.3
10806,5100289.3
10807,769608.0
10808,1065799.6
10809,1867530.0
10810,1433754.0
10811,11704474.6
10812,1617184.8
10813,717434.933333
10814,3144513.33333
10815,870277.533333
10816,1390246.23333
10817,3705342.26667
10818,1961521.66667
10819,983334.0
10820,1064324.06667
10821,1289322.9
10822,3761281.33333
10823,3005849.93333
10824,1076795.83333
10825,2956709.8
10826,1172724.0
10827,4448238.2
10828,1064019.0
10829,3531193.26667
10830,1295779.4
10831,2401689.33333
10832,874524.6
10833,1798063.53333
10834,754159.4
10835,2830821.43333
10836,5365125.2
10837,1036377.53333
10838,1126048.0
10839,1335267.16667
10840,2707012.0
10841,1255330.0
10842,1094893.8
10843,998047.6
10844,657519.866667
10845,9548398.2
10846,2099561.2
10847,1077158.13333
10848,1011165.6
10849,5142214.6
10850,675289.133333
10851,3684151.33333
10852,3888627.6
10853,1679027.0
10854,2250150.33333
10855,2939301.26667
10856,1538330.5
10857,1056565.76667
10858,529232.333333
10859,5629905.86667
10860,1203649.06667
10861,861818.466667
10862,1154726.43333
10863,1115578.56667
10864,950636.0
10865,868689.9
10866,3995700.8
10867,1101257.3
10868,3365162.66667
10869,1614905.6
10870,1564920.0
10871,2807512.4
10872,931669.466667
10873,986088.6
10874,2562666.66667
10875,1930436.63333
10876,1976109.46667
10877,1156588.33333
10878,588698.666667
10879,11611820.0
10880,2858362.73333
10881,789252.533333
10882,2946415.73333
10883,3433622.6
10884,3372232.66667
10885,2060641.66667
10886,1446145.63333
10887,1451925.8
10888,2515369.06667
10889,4800894.63333
10890,1050581.73333
10891,682075.4
10892,4157636.26667
10893,1441382.4
10894,1248320.0
10895,2799689.73333
10896,2953225.0
10897,1358627.26667
10898,1397248.76667
10899,826968.5
10900,3398107.33333
10901,1905971.6
10902,2526050.4
10903,573931.2
10904,863370.666667
10905,1819563.66667
10906,2414050.86667
10907,1176959.46667
10908,3388731.26667
10909,989228.366667
10910,952006.666667
10911,925305.133333
10912,9955403.4
10913,1432340.1
10914,2007582.13333
10915,1146343.46667
10916,1512195.86667
10917,867886.8
10918,1794780.0
10919,1281480.8
10920,1247044.66667
10921,3634695.16667
10922,1129532.46667
10923,675016.866667
10924,8921791.46667
10925,2455866.4
10926,1164740.8
10927,978541.8
10928,1822363.2
10929,1182082.53333
10930,1743557.86667
10931,1809358.36667
10932,1899590.0
10933,1408694.2
10934,27021834.2
10935,5202619.93333
10936,3097916.93333
10937,2641409.0
10938,1548594.66667
10939,1217527.93333
10940,1569587.13333
10941,898770.833333
10942,1743699.93333
10943,1449081.0
10944,1419399.8
10945,2569603.6
10946,4285173.2
10947,7075107.6
10948,1812700.26667
10949,1191802.36667
10950,1071860.86667
10951,1994084.63333
10952,961466.566667
10953,7014007.43333
10954,1982915.8
10955,1087967.86667
10956,1529062.4
10957,851044.533333
10958,2970614.66667
10959,1198406.0
10960,5197813.2
10961,2204103.2
10962,829849.266667
10963,1081307.7
10964,1811516.8
10965,1034238.6
10966,1515709.8
10967,873698.266667
10968,1481493.2
10969,853340.4
10970,1172189.2
10971,820915.333333
10972,1286431.66667
10973,1441057.2
10974,2178657.6
10975,799976.0
10976,854568.0
10977,4494505.53333
10978,2680867.0
10979,1517407.06667
10980,1618150.0
10981,861480.3
10982,1203010.7
10983,549409.3
10984,2316298.6
10985,2870580.06667
10986,5661621.66667
10987,2790321.33333
10988,1396691.1
10989,2799673.33333
10990,1260340.0
10991,1168403.1
10992,2101027.6
10993,1807795.2
10994,2909107.13333
10995,835002.5
10996,2534432.66667
10997,1573805.5
10998,2902482.33333
10999,822737.5
11000,1621529.7
11001,1090472.36667
11002,841590.6
11003,971393.5
11004,989383.333333
11005,671322.666667
11006,829429.333333
11007,11248992.7333
11008,3763668.4
11009,1619326.2
11010,1562307.6
11011,1264233.6
11012,842181.466667
11013,2199060.26667
11014,2046780.16667
11015,1262348.1
11016,1001945.86667
11017,1531898.9
11018,1181180.0
11019,4908181.6
11020,1275151.03333
11021,863438.333333
11022,1305379.66667
11023,2325592.26667
11024,1850678.3
11025,2485638.46667
11026,1331620.0
11027,1845776.4
11028,1584978.26667
11029,1623227.66667
11030,1741835.33333
11031,1085210.6
11032,1018114.13333
11033,1048754.4
11034,1514935.33333
11035,1489479.6
11036,754751.133333
11037,4046358.23333
11038,2557200.56667
11039,913820.4
11040,987692.766667
11041,726186.333333
11042,1761917.83333
11043,1408496.06667
11044,6951922.5
11045,1018250.4
11046,6405469.66667
11047,1461134.03333
11048,969600.666667
11049,1090090.33333
11050,7488150.2
11051,1587435.83333
11052,785100.0
11053,5541374.4
11054,1098432.0
11055,995926.633333
11056,1366446.43333
11057,807951.6
11058,2431528.8
11059,1381488.93333
11060,2143268.3
11061,1018976.66667
11062,1048378.33333
11063,1877017.56667
11064,1566789.6
11065,1042887.73333
11066,3200781.0
11067,1171700.53333
11068,1663133.33333
11069,2188161.56667
11070,1017825.6
11071,1631174.6
11072,2646225.4
11073,3752363.33333
11074,777218.066667
11075,6752526.66667
11076,2670336.0
11077,820182.9
11078,1856753.2
11079,787061.333333
11080,2044052.0
11081,1191039.26667
11082,1478608.66667
11083,1021201.5
11084,1026995.2
11085,886333.4
11086,1303682.13333
11087,717556.4
11088,1001650.0
11089,2747614.8
11090,590287.2
11091,1165830.4
11092,1705866.66667
11093,1060934.0
11094,901106.8
11095,6939056.36667
11096,798478.8
11097,1388927.86667
11098,1729716.0
11099,2580686.7
11100,1190640.0
11101,783628.4
11102,979508.9
11103,1634013.33333
11104,866025.733333
11105,881757.0
11106,512474.033333
11107,1771083.6
11108,804045.333333
11109,2169509.13333
11110,1570585.6
11111,13181871.7333
11112,1097956.8
11113,1015627.9
11114,3448629.53333
11115,901385.333333
11116,1207088.6
11117,812996.133333
11118,1953890.76667
11119,1312090.3
11120,814832.5
11121,3512075.9
11122,1585843.2
11123,1219253.6
11124,4026224.0
11125,2175049.8
11126,1076230.16667
11127,1970761.33333
11128,923591.2
11129,2335454.8
11130,2177145.6
11131,955479.033333
11132,1125952.5
11133,1384822.0
11134,4382432.1
11135,876053.8
11136,893015.666667
11137,716529.333333
11138,896636.0
11139,909798.733333
11140,3322203.73333
11141,4022880.0
11142,2459605.83333
11143,11715905.6
11144,5460935.33333
11145,1234841.6
11146,1493108.3
11147,1411439.0
11148,992539.2
11149,867588.066667
11150,1152242.0
11151,588763.266667
11152,1943377.8
11153,567130.666667
11154,3647257.6
11155,1015815.86667
11156,511169.1
11157,1676485.4
11158,1178267.9
11159,756709.166667
11160,2286893.7
11161,7114512.0
11162,701587.0
11163,1531437.6
11164,2875747.46667
11165,1036577.96667
11166,1482715.8
11167,3473925.0
11168,976736.4
11169,1004251.2
11170,2036400.0
11171,846324.8
11172,1243999.66667
11173,844526.033333
11174,850663.9
11175,2324484.4
11176,4808469.6
11177,2288265.33333
11178,773914.2
11179,862830.833333
11180,1084068.3
11181,2874435.9
11182,2525370.46667
11183,1010075.73333
11184,1772386.0
11185,1767486.36667
11186,527954.266667
11187,920680.8
11188,1417335.0
11189,777681.666667
11190,1334145.13333
11191,1119345.73333
11192,643874.0
11193,584095.566667
11194,838260.266667
11195,1727015.7
11196,1627984.0
11197,1063161.0
11198,3099972.23333
11199,912238.933333
11200,2202998.0
11201,1792085.33333
11202,2452691.36667
11203,713211.4
11204,1055561.4
11205,3798669.6
11206,2151058.13333
11207,1625411.06667
11208,4653238.33333
11209,1405781.43333
11210,4614694.4
11211,2161446.3
11212,1225963.76667
11213,2025080.96667
11214,3552183.66667
11215,828489.6
11216,1406587.73333
11217,582820.0
11218,1527643.83333
11219,6711372.0
11220,1109954.26667
11221,3012524.16667
11222,923097.0
11223,908824.5
11224,824799.5
11225,1156297.8
11226,1218789.2
11227,2066011.2
11228,791678.666667
11229,2305820.0
11230,1771357.7
11231,874977.6
11232,3744563.33333
11233,1032633.0
11234,2490660.0
11235,5274900.0
11236,1507944.2
11237,1091735.33333
11238,1302672.0
11239,2722197.33333
11240,631395.733333
11241,925788.1
11242,3753215.13333
11243,1215654.4
11244,1430260.33333
11245,2058433.2
11246,815971.2
11247,1636599.36667
11248,808080.4
11249,3408476.66667
11250,1250188.8
11251,1924219.6
11252,3459877.93333
11253,2545394.13333
11254,2161013.4
11255,2226042.0
11256,1678057.2
11257,926445.3
11258,3214797.73333
11259,987478.2
11260,547284.4
11261,913824.8
11262,645567.066667
11263,2481513.9
11264,1911245.4
11265,809113.166667
11266,653518.6
11267,3489595.93333
11268,3111944.0
11269,830913.6
11270,615669.333333
11271,2699639.7
11272,1429199.2
11273,995894.8
11274,627942.333333
11275,1361162.66667
11276,2535732.93333
11277,1947404.13333
11278,1078295.6
11279,2884705.13333
11280,2404558.4
11281,1670267.2
11282,1154403.9
11283,1716133.0
11284,968396.566667
11285,1798331.8
11286,3678017.93333
11287,1104564.06667
11288,5642358.26667
11289,1421182.56667
11290,1054684.8
11291,5033380.0
11292,1613477.33333
11293,903628.2
11294,880134.5
11295,1263880.0
11296,961703.6
11297,1479820.0
11298,5347480.33333
11299,959720.4
11300,1152806.0
11301,2052783.33333
11302,1305141.33333
11303,4438859.6
11304,1363985.53333
11305,1796242.0
11306,1258101.33333
11307,1478666.9
11308,3906900.33333
11309,1135483.8
11310,1736643.33333
11311,1498600.8
11312,990693.6
11313,2569626.2
11314,2850788.5
11315,1041410.7
11316,1242378.66667
11317,1014690.66667
11318,1197405.0
11319,10415228.0
11320,818923.933333
11321,1608287.06667
11322,4910510.73333
11323,1156105.7
11324,1326880.0
11325,6224775.2
11326,1176661.8
11327,1185362.46667
11328,773691.466667
11329,1454776.8
11330,8811877.2
11331,1114248.0
11332,2578729.5
11333,1061907.5
11334,1281498.73333
11335,1241768.63333
11336,847994.0
11337,1480139.7
11338,1395184.9
11339,1144346.4
11340,2111466.13333
11341,771195.266667
11342,6847944.5
11343,841249.066667
11344,1732068.9
11345,748562.0
11346,1040382.0
11347,822974.133333
11348,1430875.1
11349,853313.8
11350,860172.8
11351,924323.033333
11352,1364593.3
11353,2116565.03333
11354,2331622.93333
11355,1242800.3
11356,1949761.86667
11357,874222.666667
11358,3325573.33333
11359,5039143.2
11360,1069974.4
11361,1715299.3
11362,1237905.0
11363,794261.7
11364,2329169.5
11365,1105107.6
11366,1001581.2
11367,4946080.73333
11368,622533.166667
11369,612992.233333
11370,946466.2
11371,1412423.86667
11372,3007933.5
11373,953672.0
11374,1849503.66667
11375,1128696.3
11376,1521953.73333
11377,1346920.63333
11378,4317802.66667
11379,1460992.93333
11380,906506.433333
11381,1469548.9
11382,1019260.2
11383,3492942.7
11384,1277399.73333
11385,2294682.13333
11386,1150015.4
11387,835344.5
11388,771968.0
11389,1125548.06667
11390,1423627.2
11391,803994.5
11392,599015.666667
11393,2459935.86667
11394,1579352.13333
11395,1074997.33333
11396,1834229.6
11397,1541242.26667
11398,1050410.16667
11399,940339.2
11400,1064680.0
11401,1334465.2
11402,651285.866667
11403,1352911.86667
11404,4631677.5
11405,3190679.0
11406,1528082.4
11407,1535600.0
11408,1646366.33333
11409,792752.4
11410,875060.033333
11411,1656489.0
11412,1157826.2
11413,828703.333333
11414,2199831.1
11415,3402130.0
11416,1288289.33333
11417,2803246.33333
11418,1761513.0
11419,1730862.8
11420,1417749.66667
11421,2519631.76667
11422,984241.866667
11423,1998686.33333
11424,1245801.33333
11425,2074944.0
11426,1908223.33333
11427,961544.4
11428,1502722.93333
11429,1300414.8
11430,878613.333333
11431,9158640.03333
11432,902637.333333
11433,1505037.2
11434,2057665.03333
11435,1464145.7
11436,1002139.2
11437,1744080.8
11438,1238952.13333
11439,849388.666667
11440,1420732.13333
11441,1936663.7
11442,3040685.9
11443,1570058.66667
11444,1357862.0
11445,803720.266667
11446,1023980.53333
11447,615627.833333
11448,718314.0
11449,1384182.86667
11450,2741238.43333
11451,1764211.8
11452,1205572.26667
11453,1401375.6
11454,1561624.4
11455,960487.466667
11456,842388.0
11457,1275692.33333
11458,2047175.46667
11459,8378132.66667
11460,775093.666667
11461,1842692.26667
11462,4269027.0
11463,1644230.66667
11464,917496.4
11465,1660420.53333
11466,6484915.2
11467,990409.2
11468,2155639.2
11469,1666655.0
11470,895403.666667
11471,1403089.56667
11472,7568780.56667
11473,1156395.6
11474,1311878.66667
11475,1787648.73333
11476,2214775.33333
11477,1520791.6
11478,3764747.7
11479,2610016.0
11480,588472.5
11481,1350702.6
11482,3347100.53333
11483,887818.8
11484,2443116.26667
11485,1337702.3
11486,2114611.56667
11487,1668334.8
11488,1220472.4
11489,22485838.8
11490,807374.6
11491,3288682.6
11492,1580063.93333
11493,742047.0
11494,653278.933333
11495,514689.333333
11496,1806758.8
11497,1298632.5
11498,1137434.2
11499,1557827.0
11500,4127095.0
11501,1131478.6
11502,1101681.13333
11503,723941.6
11504,3039635.1
11505,4851207.56667
11506,1217756.7
11507,2148213.6
11508,767122.866667
11509,1813494.8
11510,945442.666667
11511,1053985.83333
11512,1518702.93333
11513,1107868.0
11514,632776.2
11515,12518826.6667
11516,1818650.66667
11517,3332232.0
11518,1133436.0
11519,754658.166667
11520,618518.266667
11521,8432262.66667
11522,3540607.36667
11523,886220.2
11524,861578.266667
11525,1416723.2
11526,5252284.8
11527,1619195.1
11528,6416138.3
11529,3208871.26667
11530,805181.2
11531,1519585.6
11532,2486761.6
11533,1551624.4
11534,1748569.53333
11535,892642.666667
11536,1349904.4
11537,2172374.4
11538,841431.6
11539,1481493.33333
11540,4149062.4
11541,991263.2
11542,2681234.33333
11543,957865.666667
11544,1275922.2
11545,1961992.0
11546,1965736.5
11547,13906506.6
11548,1663345.0
11549,1186573.63333
11550,914924.4
11551,1106391.73333
11552,2887740.0
11553,1459371.33333
11554,1669260.26667
11555,962057.5
11556,1041496.5
11557,2159527.06667
11558,1429320.0
11559,2679643.13333
11560,544516.933333
11561,901142.133333
11562,1166707.5
11563,1639885.43333
11564,2817185.6
11565,1787884.3
11566,5361151.23333
11567,1497329.4
11568,1066137.5
11569,737091.1
11570,1240696.8
11571,3902487.16667
11572,2598915.66667
11573,1105692.0
11574,4785315.0
11575,1035477.2
11576,1389353.6
11577,2204996.36667
11578,3041605.66667
11579,2598692.8
11580,1750597.06667
11581,1367459.6
11582,6430369.66667
11583,1564890.8
11584,942287.0
11585,1126436.5
11586,807565.5
11587,2791093.06667
11588,1288211.23333
11589,1300003.4
11590,942699.3
11591,2071689.6
11592,1364028.76667
11593,881254.5
11594,1948719.06667
11595,1396259.63333
11596,1451582.4
11597,905536.5
11598,1527656.9
11599,855777.733333
11600,6502902.0
11601,943356.0
11602,1395508.56667
11603,823430.666667
11604,1608156.33333
11605,1702384.1
11606,1720116.13333
11607,999107.4
11608,918341.2
11609,2316878.43333
11610,642733.5
11611,1846322.3
11612,2053742.06667
11613,978378.4
11614,1036453.0
11615,1212580.83333
11616,2238209.2
11617,8128127.16667
11618,828851.333333
11619,755674.666667
11620,1051453.13333
11621,1129008.53333
11622,3061426.66667
11623,4343280.46667
11624,1506792.73333
11625,1035171.5
11626,779500.566667
11627,3431248.8
11628,1744618.3
11629,971839.0
11630,1065713.0
11631,2777432.0
11632,892772.9
11633,1158537.9
11634,976856.8
11635,800305.266667
11636,2103575.3
11637,2308442.6
11638,1886571.6
11639,1321825.33333
11640,2908972.8
11641,833709.066667
11642,819716.9
11643,1757281.5
11644,656159.233333
11645,8520104.76667
11646,2477860.66667
11647,1066917.7
11648,968098.133333
11649,895450.0
11650,1951295.0
11651,1514929.5
11652,1542095.66667
11653,1235238.4
11654,1479033.96667
11655,1386563.4
11656,1620915.0
11657,1707005.86667
11658,1129961.36667
11659,1412056.0
11660,1384504.4
11661,874009.033333
11662,5206440.0
11663,996703.5
11664,1132018.33333
11665,34587127.6667
11666,1020844.8
11667,1234512.06667
11668,1543950.2
11669,1072546.93333
11670,1895908.83333
11671,511020.0
11672,1209700.16667
11673,754358.6
11674,934010.133333
11675,1735437.06667
11676,855890.8
11677,9323988.26667
11678,2005490.4
11679,943953.333333
11680,953389.333333
11681,2212855.2
11682,1505069.0
11683,1220648.0
11684,580280.866667
11685,1117809.0
11686,4667975.4
11687,2335196.5
11688,946931.2
11689,942446.7
11690,1959223.93333
11691,2797656.53333
11692,1546194.2
11693,1629995.0
11694,1075262.93333
11695,1117047.46667
11696,41348103.6
11697,1507262.4
11698,559768.5
11699,2117253.6
11700,1277667.83333
11701,1066321.8
11702,1114172.6
11703,3165405.1
11704,1520825.1
11705,1611857.2
11706,3781301.33333
11707,2930608.33333
11708,1113492.8
11709,983447.1
11710,895041.666667
11711,712694.433333
11712,1809201.73333
11713,1853095.2
11714,801518.8
11715,3165988.33333
11716,4332291.5
11717,911767.266667
11718,2532274.4
11719,2103867.4
11720,1513819.4
11721,1965290.06667
11722,2467768.0
11723,973737.0
11724,1565592.9
11725,1515083.33333
11726,1755318.8
11727,1922030.8
11728,807509.4
11729,1255848.53333
11730,1979950.93333
11731,1181493.3
11732,1575308.4
11733,785033.333333
11734,5158457.86667
11735,1390610.66667
11736,1512178.6
11737,827604.466667
11738,1092159.6
11739,15563094.1667
11740,958033.3
11741,2957672.66667
11742,1829240.0
11743,998715.9
11744,688996.466667
11745,1069041.8
11746,958969.8
11747,1251122.36667
11748,3343017.7
11749,3495294.13333
11750,3383416.16667
11751,1631306.43333
11752,1034120.8
11753,1021074.53333
11754,1226654.4
11755,3337565.33333
11756,3103612.0
11757,546075.0
11758,1966426.0
11759,1219111.43333
11760,1211253.8
11761,1794265.0
11762,739012.266667
11763,1170813.0
11764,3811584.0
11765,3973952.83333
11766,2497464.2
11767,1053056.66667
11768,875716.266667
11769,2491553.33333
11770,1824340.83333
11771,1293756.8
11772,3388457.33333
11773,1869744.0
11774,1485405.6
11775,1364611.5
11776,2249250.8
11777,971824.533333
11778,4934953.6
11779,728049.6
11780,3298614.0
11781,4931080.0
11782,782673.6
11783,1297490.4
11784,869903.866667
11785,1737090.6
11786,2153805.0
11787,1338758.4
11788,841959.566667
11789,1979434.8
11790,1436802.3
11791,2351197.2
11792,780507.2
11793,1606700.0
11794,2344689.9
11795,1424399.6
11796,1154301.7
11797,8180224.13333
11798,2771440.0
11799,2905510.1
11800,1599958.8
11801,912852.5
11802,1840111.16667
11803,985233.9
11804,1306085.2
11805,1174366.8
11806,1224513.26667
11807,509034.666667
11808,963179.033333
11809,790847.4
11810,1933068.0
11811,976301.333333
11812,2377452.6
11813,1016329.56667
11814,2296501.5
11815,1264190.33333
11816,1276309.33333
11817,538342.2
11818,982891.0
11819,1954951.36667
11820,1237276.2
11821,1447856.0
11822,1320256.93333
11823,1131810.06667
11824,1662485.0
11825,882479.066667
11826,984726.6
11827,968686.1
11828,1281898.93333
11829,2205556.6
11830,1133689.2
11831,1385275.5
11832,1232502.93333
11833,3475291.16667
11834,659124.2
11835,3208650.1
11836,2282618.8
11837,1529087.1
11838,1538753.3
11839,4296869.93333
11840,1745218.23333
11841,1758148.86667
11842,1792156.8
11843,1276241.4
11844,952080.0
11845,1204802.66667
11846,927837.733333
11847,1131661.2
11848,1470251.8
11849,1024558.4
11850,915432.066667
11851,2955649.43333
11852,600822.2
11853,1079715.6
11854,1076750.4
11855,3338505.33333
11856,849937.333333
11857,2849486.1
11858,1426781.4
11859,1319497.7
11860,888753.066667
11861,1660265.2
11862,2973372.26667
11863,1202503.33333
11864,1809910.2
11865,845674.666667
11866,2903131.0
11867,3079273.2
11868,2014384.66667
11869,1098812.0
11870,1117007.33333
11871,1221849.46667
11872,1288782.0
11873,2346074.26667
11874,2710757.86667
11875,1547234.6
11876,8107646.43333
11877,3142451.2
11878,2622603.6
11879,3417024.0
11880,583790.4
11881,1674856.66667
11882,2859690.0
11883,795315.533333
11884,782712.233333
11885,2886002.0
11886,934941.0
11887,1419698.8
11888,608253.633333
11889,1823266.73333
11890,4868197.33333
11891,5757600.66667
11892,899081.766667
11893,2066369.8
11894,680161.733333
11895,1954184.2
11896,4334962.13333
11897,4322673.76667
11898,2617079.03333
11899,709397.8
11900,924157.866667
11901,6082400.46667
11902,1287199.2
11903,1222279.4
11904,1038171.93333
11905,2119901.33333
11906,570958.7
11907,692380.0
11908,962295.4
11909,3037571.73333
11910,1329173.5
11911,2383944.0
11912,1272546.13333
11913,1992532.03333
11914,1789835.0
11915,34682506.8333
11916,1045067.2
11917,1068434.06667
11918,2474457.2
11919,2619843.6
11920,2371673.16667
11921,6186871.8
11922,2633031.13333
11923,2120869.6
11924,2937748.46667
11925,829928.666667
11926,2245042.1
11927,3660314.9
11928,1641860.8
11929,1391181.4
11930,2126650.63333
11931,2040014.9
11932,2668988.4
11933,543084.266667
11934,1181027.46667
11935,1944505.33333
11936,883556.533333
11937,1097453.93333
11938,834271.466667
11939,1703619.46667
11940,1082069.1
11941,1743471.6
11942,4475911.93333
11943,2210478.93333
11944,3909150.66667
11945,3147803.7
11946,7122698.26667
11947,2100702.7
11948,1202014.0
11949,1150036.0
11950,1538266.4
11951,8808811.6
11952,1249156.53333
11953,2034377.3
11954,722071.833333
11955,1132493.33333
11956,1229332.53333
11957,1491390.96667
11958,1224360.0
11959,2035038.6
11960,2066726.93333
11961,890520.0
11962,1153174.0
11963,8127122.06667
11964,2072014.93333
11965,3772299.0
11966,1505480.0
11967,1876070.13333
11968,1771348.8
11969,1463785.4
11970,1617630.66667
11971,1278230.0
11972,1513377.4
11973,1970025.2
11974,1128378.06667
11975,3563219.8
11976,1202985.0
11977,928018.0
11978,1533310.33333
11979,3380761.56667
11980,1017706.8
11981,1390287.96667
11982,908952.8
11983,979017.0
11984,1178691.03333
11985,3636640.8
11986,1037932.83333
11987,827383.5
11988,1182812.33333
11989,1188288.56667
11990,1945994.26667
11991,1366411.2
11992,1164583.0
11993,3628139.46667
11994,1154414.8
11995,1243361.6
11996,10898802.1333
11997,3052734.66667
11998,1143502.8
11999,968037.6
12000,1583481.6
12001,1362047.7
12002,3738141.33333
12003,3741547.33333
12004,1240829.33333
12005,1034333.4
12006,1276197.46667
12007,934034.9
12008,1227296.76667
12009,6813828.0
12010,1212192.33333
12011,2116208.73333
12012,2293532.7
12013,1021379.33333
12014,857952.1
12015,2178679.06667
12016,998225.8
12017,896448.8
12018,1933289.36667
12019,1857907.8
12020,8276675.2
12021,855240.4
12022,1003654.66667
12023,1470835.6
12024,2143077.86667
12025,1698285.6
12026,1027025.2
12027,928792.8
12028,2607606.0
12029,1189225.0
12030,1178362.03333
12031,2537705.8
12032,1915323.2
12033,1053969.3
12034,4372335.46667
12035,897510.0
12036,6055962.2
12037,944109.733333
12038,1537207.06667
12039,1093698.83333
12040,1041602.53333
12041,889012.8
12042,7246866.93333
12043,795641.066667
12044,10898911.1
12045,856238.966667
12046,2929709.73333
12047,1840033.33333
12048,1622587.13333
12049,2853968.8
12050,2822894.6
12051,1703749.53333
12052,2120459.36667
12053,2126958.16667
12054,1085729.06667
12055,1477990.0
12056,2272599.5
12057,1299255.46667
12058,887692.0
12059,1832285.86667
12060,1350003.46667
12061,1712823.93333
12062,1019567.46667
12063,2930134.66667
12064,943977.0
12065,2698719.0
12066,1570097.7
12067,3518320.0
12068,2426667.1
12069,1397970.83333
12070,1910124.83333
12071,944608.4
12072,2776940.33333
12073,2359444.8
12074,1499568.0
12075,3729657.46667
12076,1261492.26667
12077,2415207.2
12078,3923340.4
12079,1863821.06667
12080,814683.6
12081,1768462.4
12082,2144697.06667
12083,3354295.0
12084,892401.4
12085,2931177.13333
12086,842738.666667
12087,1096766.0
12088,1053096.03333
12089,1671966.0
12090,1281393.6
12091,4336306.86667
12092,1161471.6
12093,1095223.8
12094,1531171.0
12095,1392457.16667
12096,2435612.9
12097,1137035.86667
12098,1603037.1
12099,12611105.4667
12100,2368574.43333
12101,1755982.66667
12102,5002298.23333
12103,1469989.86667
12104,2482186.7
12105,894850.0
12106,1778340.66667
12107,1949491.2
12108,3748949.26667
12109,5515240.03333
12110,1740958.33333
12111,1032354.0
12112,2328474.0
12113,6145018.0
12114,1011945.9
12115,6606809.0
12116,1264362.5
12117,1341107.3
12118,1059361.8
12119,1810494.4
12120,791920.0
12121,916295.6
12122,3149154.76667
12123,1218585.6
12124,1419360.0
12125,1272834.4
12126,906245.233333
12127,896925.333333
12128,1105883.6
12129,5071119.73333
12130,974742.2
12131,1015563.1
12132,1208966.0
12133,1951763.1
12134,4795908.83333
12135,1896868.6
12136,1300343.73333
12137,1287435.73333
12138,956259.0
12139,1919223.0
12140,2060555.2
12141,1923801.36667
12142,1004088.0
12143,894696.166667
12144,1968301.66667
12145,1537679.86667
12146,1518270.0
12147,1986987.2
12148,2775772.26667
12149,3976753.9
12150,958928.733333
12151,1318198.46667
12152,5094077.86667
12153,1348673.83333
12154,1880784.8
12155,8243349.5
12156,3647015.7
12157,1787015.1
12158,1244321.0
12159,1108824.26667
12160,1027195.46667
12161,1577899.16667
12162,1368026.6
12163,1800908.4
12164,787106.533333
12165,1737273.0
12166,880380.8
12167,1952948.66667
12168,1194697.0
12169,802065.333333
12170,1108792.53333
12171,1053231.6
12172,780712.533333
12173,875548.666667
12174,900956.666667
12175,1083848.0
12176,964017.6
12177,4299498.46667
12178,1129513.4
12179,920287.5
12180,1130565.83333
12181,1537207.46667
12182,1109081.86667
12183,1736866.6
12184,1504028.4
12185,889541.733333
12186,1132495.46667
12187,1709694.33333
12188,2220410.93333
12189,1081107.0
12190,2388034.8
12191,2168460.23333
12192,1638919.53333
12193,729995.833333
12194,4234343.16667
12195,995418.5
12196,805786.133333
12197,2670188.36667
12198,884157.6
12199,3052315.2
12200,1427892.4
12201,2064486.9
12202,631440.2
12203,1000182.33333
12204,1587724.8
12205,809312.666667
12206,1320880.26667
12207,3260586.43333
12208,3757291.66667
12209,9174475.5
12210,1085807.06667
12211,871749.666667
12212,1147503.2
12213,1458670.96667
12214,4919266.66667
12215,845927.5
12216,2916120.0
12217,984604.8
12218,2911891.2
12219,2258578.43333
12220,752374.5
12221,2082336.0
12222,1244885.33333
12223,1147831.4
12224,949880.366667
12225,1105679.66667
12226,1557366.0
12227,1502100.83333
12228,1502100.83333
12229,1502100.83333
12230,1597266.66667
12231,1067394.23333
12232,875886.4
12233,6920559.0
12234,561334.4
12235,2132116.06667
12236,2647492.8
12237,1663554.4
12238,877868.0
12239,1275519.6
12240,804437.833333
12241,1213201.6
12242,1018357.43333
12243,3191185.6
12244,1103255.4
12245,1143633.83333
12246,3500082.0
12247,1144189.2
12248,1930973.3
12249,1064133.2
12250,1297326.2
12251,823330.0
12252,2023800.66667
12253,5561633.0
12254,2619756.0
12255,986750.3
12256,4162171.06667
12257,1557366.0
12258,1557366.0
12259,1335010.73333
12260,3308333.33333
12261,717506.7
12262,1204641.53333
12263,2669764.5
12264,1113509.36667
12265,1481106.66667
12266,1571733.33333
12267,1106515.2
12268,1994112.0
12269,1102962.16667
12270,1280530.33333
12271,2200479.3
12272,1486690.33333
12273,2623819.33333
12274,1556195.86667
12275,1199437.2
12276,1214571.2
12277,649534.8
12278,2051928.9
12279,966766.666667
12280,809389.333333
12281,1626865.0
12282,1870472.7
12283,1352264.2
12284,1040734.66667
12285,1345024.23333
12286,844707.533333
12287,3582555.6
12288,4891430.6
12289,901255.6
12290,1292131.46667
12291,2965400.66667
12292,8047442.4
12293,992077.333333
12294,999897.733333
12295,971915.933333
12296,2991353.6
12297,2426298.0
12298,2547854.4
12299,1444691.73333
12300,1048456.1
12301,894628.0
12302,1986212.16667
12303,1450470.13333
12304,3315786.66667
12305,1411023.9
12306,526542.233333
12307,1060727.4
12308,1512035.9
12309,910410.533333
12310,1290685.33333
12311,1143941.33333
12312,2046566.26667
12313,2190871.1
12314,2192946.9
12315,1032731.4
12316,1365482.5
12317,1753587.3
12318,3263927.33333
12319,1546756.2
12320,6956428.5
12321,702548.0
12322,683985.766667
12323,1014977.6
12324,1118395.86667
12325,1148208.93333
12326,3547862.5
12327,1332597.26667
12328,1167894.0
12329,2164816.66667
12330,1419629.53333
12331,3780532.8
12332,1068808.6
12333,2198952.0
12334,550417.6
12335,5610904.66667
12336,2157922.6
12337,2105144.6
12338,1385294.9
12339,1044090.66667
12340,6489179.9
12341,6486914.8
12342,1193169.06667
12343,1087528.93333
12344,1365367.7
12345,1304402.13333
12346,509141.333333
12347,792208.666667
12348,1089907.86667
12349,704272.8
12350,1085290.5
12351,1630587.93333
12352,4893651.2
12353,2129734.8
12354,7405865.4
12355,1223570.36667
12356,848724.8
12357,1765816.66667
12358,2579310.06667
12359,1016977.2
12360,3626633.5
12361,585529.933333
12362,1293900.0
12363,1056775.5
12364,1327180.5
12365,1937507.1
12366,2063420.0
12367,952855.5
12368,2573196.23333
12369,1704518.6
12370,1901720.8
12371,2910957.86667
12372,772501.0
12373,2746189.8
12374,3917383.0
12375,5200017.5
12376,1468933.2
12377,2640730.13333
12378,737096.2
12379,2408452.0
12380,2188916.4
12381,1459693.66667
12382,722108.8
12383,1194826.8
12384,1750288.7
12385,517190.0
12386,855193.9
12387,658680.0
12388,833811.0
12389,5387528.53333
12390,2639709.5
12391,6009582.66667
12392,840561.5
12393,794293.266667
12394,1044841.6
12395,2290937.0
12396,898989.333333
12397,2742809.46667
12398,1524014.6
12399,1239166.5
12400,1331489.16667
12401,1998221.86667
12402,1040264.0
12403,2600235.0
12404,14548648.7333
12405,1731458.4
12406,2479973.13333
12407,1512832.0
12408,920961.3
12409,796675.5
12410,1296943.9
12411,1335956.93333
12412,1344282.66667
12413,1812710.46667
12414,887074.7
12415,1115242.5
12416,1743016.66667
12417,883439.333333
12418,6644412.5
12419,5543261.16667
12420,708161.266667
12421,1140519.9
12422,4384772.0
12423,1124541.6
12424,1134923.3
12425,951180.666667
12426,885197.633333
12427,986451.0
12428,1050557.2
12429,1732483.7
12430,1820381.33333
12431,943207.466667
12432,1270841.46667
12433,2957556.53333
12434,1262141.86667
12435,1020159.23333
12436,548126.8
12437,888672.333333
12438,1563955.8
12439,602928.0
12440,1475318.93333
12441,859687.166667
12442,1096045.06667
12443,2325025.03333
12444,2713569.33333
12445,3016966.66667
12446,1616147.5
12447,2293261.6
12448,1471708.6
12449,847781.0
12450,508522.666667
12451,1042870.26667
12452,1174278.46667
12453,557269.7
12454,3395784.6
12455,5124945.33333
12456,2289273.9
12457,4835783.73333
12458,3311710.3
12459,758259.5
12460,4770777.2
12461,1358484.8
12462,2629548.6
12463,2785571.9
12464,1472311.63333
12465,2580385.2
12466,797488.2
12467,843915.466667
12468,3746414.1
12469,719836.8
12470,937829.0
12471,2863064.53333
12472,844771.2
12473,1127900.8
12474,4017764.4
12475,1706510.33333
12476,3435714.4
12477,3700047.6
12478,2036855.46667
12479,1452141.13333
12480,1423491.66667
12481,2016573.3
12482,927528.533333
12483,1960287.0
12484,1163517.6
12485,1183112.4
12486,1559745.36667
12487,10248118.8333
12488,1059520.0
12489,1139706.0
12490,550613.7
12491,1188180.2
12492,1069623.86667
12493,1361154.13333
12494,973582.133333
12495,960457.333333
12496,1755482.66667
12497,1035249.16667
12498,3057627.16667
12499,1477658.0
12500,848511.0
12501,886805.5
12502,1096830.0
12503,1217096.83333
12504,1302135.8
12505,2075488.4
12506,2430103.4
12507,873165.333333
12508,2680597.96667
12509,2003758.16667
12510,2822234.3
12511,4388731.13333
12512,934571.4
12513,1379194.9
12514,1229530.23333
12515,1314288.0
12516,3396189.33333
12517,1500392.8
12518,1473171.9
12519,2240984.66667
12520,2621849.53333
12521,836726.4
12522,5095619.4
12523,1142502.16667
12524,892245.2
12525,1181761.46667
12526,1135993.83333
12527,676247.0
12528,2801550.1
12529,1236539.0
12530,847259.966667
12531,1118969.36667
12532,2010660.6
12533,1752575.4
12534,1182592.8
12535,1476501.86667
12536,828595.1
12537,4190747.2
12538,3178874.76667
12539,949253.8
12540,2009453.6
12541,722208.0
12542,1232671.8
12543,1607009.46667
12544,4362367.66667
12545,1477088.06667
12546,2204518.13333
12547,812959.333333
12548,1124459.9
12549,1126521.0
12550,899158.0
12551,2783387.2
12552,8136867.16667
12553,1292174.8
12554,1556922.5
12555,2726775.73333
12556,1406175.83333
12557,900595.5
12558,1047860.3
12559,1083058.66667
12560,992218.033333
12561,2473764.33333
12562,1222452.46667
12563,551394.133333
12564,2914793.2
12565,1543680.6
12566,1207877.5
12567,1090164.0
12568,5143168.33333
12569,764421.666667
12570,1359058.8
12571,2334312.63333
12572,1144868.8
12573,1774233.6
12574,541642.333333
12575,915136.666667
12576,2409187.73333
12577,2507293.8
12578,1058023.06667
12579,1315798.0
12580,2047262.66667
12581,1029575.83333
12582,1592378.66667
12583,1733704.0
12584,1408341.0
12585,935490.3
12586,2064921.6
12587,838917.066667
12588,8125835.66667
12589,1076670.0
12590,3329752.0
12591,15316393.5333
12592,1019364.5
12593,5148797.33333
12594,4169932.66667
12595,2301670.8
12596,3863172.93333
12597,1287049.6
12598,649784.1
12599,898783.966667
12600,1513843.06667
12601,1016470.73333
12602,1142912.73333
12603,931029.666667
12604,974910.4
12605,1524635.1
12606,2188184.33333
12607,4386406.03333
12608,558609.6
12609,1780179.8
12610,783100.166667
12611,744153.466667
12612,1039253.46667
12613,1628744.7
12614,2263288.5
12615,834744.7
12616,1034826.76667
12617,3456697.6
12618,575755.766667
12619,890016.433333
12620,1033618.0
12621,3508301.06667
12622,3712622.53333
12623,1834989.63333
12624,1058387.73333
12625,1089343.5
12626,982291.2
12627,1244460.8
12628,2107578.7
12629,696121.266667
12630,2087904.0
12631,2401098.53333
12632,2513814.13333
12633,987673.2
12634,1492246.93333
12635,4208806.8
12636,1250775.0
12637,794193.066667
12638,1683279.6
12639,2756803.0
12640,1712262.46667
12641,1135969.23333
12642,1132060.0
12643,910111.8
12644,568192.5
12645,1948176.4
12646,6112205.06667
12647,1924190.4
12648,1522151.4
12649,4097732.8
12650,885510.6
12651,767772.2
12652,3444304.66667
12653,934107.666667
12654,1052752.0
12655,886234.1
12656,1804568.66667
12657,1414722.4
12658,1567815.4
12659,3795800.13333
12660,1016621.26667
12661,1244162.33333
12662,2339680.0
12663,849423.5
12664,1013126.4
12665,972199.8
12666,1630606.33333
12667,1418101.46667
12668,4389850.66667
12669,846237.4
12670,1633530.26667
12671,5152436.46667
12672,1624216.66667
12673,1103969.06667
12674,2129980.4
12675,2024570.26667
12676,587121.6
12677,1029998.8
12678,987185.066667
12679,1234058.0
12680,1197050.4
12681,5040900.7
12682,999913.533333
12683,3236546.66667
12684,1598625.0
12685,1336675.66667
12686,4666831.4
12687,867868.8
12688,3470073.6
12689,1106308.0
12690,1832814.0
12691,946127.0
12692,786265.2
12693,917417.1
12694,1434896.13333
12695,2110349.7
12696,1203535.66667
12697,3167838.66667
12698,560680.266667
12699,546500.533333
12700,1757369.33333
12701,1668914.23333
12702,1034377.5
12703,2367673.2
12704,1824000.1
12705,3730663.4
12706,1169704.2
12707,2639149.8
12708,905728.0
12709,1654516.26667
12710,1869167.66667
12711,1975682.8
12712,3194726.7
12713,882548.8
12714,509183.1
12715,2153400.8
12716,770696.533333
12717,1072554.0
12718,1001734.5
12719,1855249.66667
12720,1262495.5
12721,2522381.33333
12722,5272923.93333
12723,665662.666667
12724,1399441.63333
12725,1330508.4
12726,3446938.2
12727,921268.0
12728,963047.466667
12729,828042.4
12730,1008932.4
12731,1727182.4
12732,1048797.5
12733,1587100.0
12734,1134029.16667
12735,1078812.0
12736,3043611.53333
12737,1008939.7
12738,988127.4
12739,1003800.5
12740,2037593.4
12741,678372.933333
12742,1365388.26667
12743,1663564.8
12744,796080.0
12745,880863.0
12746,3058960.8
12747,1115884.8
12748,1339189.8
12749,1613349.3
12750,911612.333333
12751,1216431.73333
12752,1031770.23333
12753,1415442.66667
12754,979293.7
12755,999858.866667
12756,2381736.86667
12757,1724840.0
12758,1210944.0
12759,5081317.96667
12760,1322291.1
12761,1061786.0
12762,3241145.06667
12763,3031903.8
12764,828153.0
12765,929595.333333
12766,1877124.26667
12767,981143.066667
12768,589358.0
12769,1106796.0
12770,1094882.1
12771,1442220.0
12772,989793.0
12773,1099454.0
12774,1575578.4
12775,1590125.53333
12776,2316715.8
12777,3020913.0
12778,946857.4
12779,2298794.4
12780,621329.933333
12781,1213181.2
12782,588171.733333
12783,734049.8
12784,1496566.66667
12785,1584026.4
12786,1485635.43333
12787,1354285.0
12788,995951.866667
12789,1195421.1
12790,4441747.63333
12791,1231349.7
12792,855120.333333
12793,1051074.93333
12794,1519204.6
12795,1585389.0
12796,849767.4
12797,6703134.7
12798,1045135.83333
12799,2572327.33333
12800,3117825.5
12801,5323086.5
12802,1292773.73333
12803,1438504.16667
12804,1957704.9
12805,2201865.9
12806,1869067.2
12807,1068125.2
12808,2107939.93333
12809,1207962.6
12810,1141011.2
12811,1152942.0
12812,1795055.16667
12813,2344399.2
12814,1117093.6
12815,1082079.6
12816,13926891.7333
12817,1770113.66667
12818,1719979.2
12819,6094352.0
12820,1596864.6
12821,1317891.0
12822,3421547.5
12823,1317223.13333
12824,3240440.5
12825,1002545.7
12826,850370.333333
12827,1473085.7
12828,1064144.4
12829,2089373.0
12830,2691678.93333
12831,1225569.56667
12832,1479369.6
12833,1057534.8
12834,1386738.8
12835,1474111.4
12836,1946382.53333
12837,642676.5
12838,1129048.5
12839,887178.133333
12840,2106441.66667
12841,2581621.2
12842,914217.266667
12843,1149456.93333
12844,1769763.06667
12845,888472.166667
12846,1975147.2
12847,5408396.0
12848,1557025.2
12849,1557951.3
12850,2473994.13333
12851,2360974.53333
12852,1503080.0
12853,6750450.1
12854,819725.833333
12855,4738800.26667
12856,2463241.06667
12857,900396.666667
12858,1204781.6
12859,1248787.7
12860,1135773.33333
12861,4415568.36667
12862,3734081.4
12863,3842050.66667
12864,1626250.8
12865,3677526.66667
12866,876067.766667
12867,1565254.26667
12868,3879607.76667
12869,2212409.03333
12870,1062897.33333
12871,713959.0
12872,807478.933333
12873,3190587.03333
12874,2338184.2
12875,2565771.3
12876,825678.633333
12877,1136839.8
12878,846996.8
12879,985625.9
12880,2058218.8
12881,819212.466667
12882,1935544.93333
12883,2215849.53333
12884,1759012.66667
12885,2035863.2
12886,1442053.86667
12887,852693.4
12888,882441.0
12889,579459.466667
12890,1812480.66667
12891,2805264.0
12892,1291033.2
12893,1272814.8
12894,3135235.26667
12895,1455925.9
12896,1150597.93333
12897,3476310.93333
12898,1781275.66667
12899,1251137.06667
12900,1473276.0
12901,1834238.0
12902,1474098.9
12903,862377.6
12904,1020698.43333
12905,1207380.2
12906,2492039.9
12907,5560604.5
12908,814327.4
12909,3767007.16667
12910,1003780.4
12911,659012.5
12912,1950186.33333
12913,1323243.93333
12914,746819.2
12915,1385358.53333
12916,2048684.53333
12917,2058660.0
12918,2313958.86667
12919,755034.8
12920,818935.2
12921,986440.7
12922,2152838.8
12923,1832358.0
12924,1768782.4
12925,2282798.0
12926,1027780.26667
12927,1692609.96667
12928,1129293.2
12929,2422739.66667
12930,561926.4
12931,3228401.76667
12932,733241.6
12933,1235957.4
12934,846835.2
12935,1572417.9
12936,1591289.33333
12937,1296324.9
12938,2018429.4
12939,3692716.5
12940,637030.733333
12941,971313.666667
12942,1341470.0
12943,3011981.16667
12944,1301272.33333
12945,1175221.26667
12946,758743.866667
12947,1055995.63333
12948,1496323.13333
12949,808538.8
12950,1670350.0
12951,1575387.73333
12952,4051573.66667
12953,1544660.0
12954,2262116.26667
12955,1417119.2
12956,649094.0
12957,1565719.2
12958,773911.2
12959,914967.466667
12960,1219940.0
12961,4464460.8
12962,3259165.0
12963,1153782.0
12964,3214199.73333
12965,1124517.33333
12966,1811400.3
12967,1236103.33333
12968,1161585.6
12969,1193490.93333
12970,1311120.93333
12971,1680244.8
12972,1210248.0
12973,1042236.8
12974,3630011.2
12975,1511037.93333
12976,2380316.0
12977,959740.5
12978,647178.733333
12979,1037090.6
12980,730939.5
12981,2906262.7
12982,713705.333333
12983,1570718.26667
12984,1864051.66667
12985,949669.0
12986,2049246.0
12987,3871208.0
12988,904772.1
12989,2426008.66667
12990,826971.2
12991,718969.766667
12992,1294810.0
12993,2849916.2
12994,1844317.2
12995,995233.066667
12996,1504762.33333
12997,838649.2
12998,2542334.8
12999,2050855.0
13000,1762896.33333
13001,1315029.9
13002,840203.233333
13003,1260420.4
13004,1173295.83333
13005,826079.5
13006,944620.6
13007,511781.333333
13008,1835180.0
13009,11447057.8667
13010,3104310.0
13011,1859929.2
13012,2206680.73333
13013,3820379.33333
13014,2304882.6
13015,2161746.0
13016,585573.666667
13017,945948.4
13018,1376507.8
13019,6584304.0
13020,3029919.2
13021,2019108.7
13022,2330858.4
13023,900914.666667
13024,974045.966667
13025,539377.5
13026,830751.6
13027,994195.8
13028,6009214.4
13029,1612641.83333
13030,1517490.0
13031,621317.033333
13032,2015044.2
13033,1130752.8
13034,1432926.0
13035,829820.0
13036,1437570.0
13037,854944.0
13038,13780039.8667
13039,810857.0
13040,1020635.73333
13041,609278.666667
13042,1425640.6
13043,1962621.5
13044,1684088.3
13045,2086637.2
13046,3066471.0
13047,1364143.0
13048,904165.3
13049,1923720.0
13050,1501278.5
13051,2897623.73333
13052,3451228.73333
13053,1469619.43333
13054,4015025.2
13055,873792.866667
13056,631185.433333
13057,1039754.4
13058,1567320.0
13059,935295.666667
13060,2286140.73333
13061,1885746.26667
13062,598397.8
13063,891973.133333
13064,1926961.63333
13065,766062.0
13066,1147137.6
13067,595965.333333
13068,1220846.4
13069,3040138.66667
13070,1258015.66667
13071,3641036.8
13072,1088607.0
13073,891094.2
13074,1015720.4
13075,974746.5
13076,5537480.4
13077,1040734.5
13078,1033896.66667
13079,2267578.66667
13080,1495406.66667
13081,811283.7
13082,2332014.3
13083,736094.2
13084,562029.333333
13085,936676.0
13086,1465178.4
13087,1528540.26667
13088,1813891.73333
13089,2474569.6
13090,1374036.93333
13091,2275080.76667
13092,1054354.43333
13093,1114101.0
13094,1345340.0
13095,812531.166667
13096,1375249.6
13097,923369.2
13098,1047328.8
13099,1381278.9
13100,5157234.4
13101,965538.933333
13102,3062290.4
13103,1310754.13333
13104,786141.933333
13105,839455.466667
13106,940291.0
13107,934146.4
13108,1724517.0
13109,1177130.0
13110,3066037.33333
13111,992119.333333
13112,1946373.06667
13113,2860847.86667
13114,803313.333333
13115,1338320.83333
13116,979440.0
13117,1450576.2
13118,1236275.86667
13119,3879022.93333
13120,845298.3
13121,946784.8
13122,1255432.2
13123,1217256.53333
13124,1890213.0
13125,963034.0
13126,1637132.8
13127,1606841.03333
13128,930921.666667
13129,4187931.0
13130,1307592.2
13131,1694569.06667
13132,1782634.73333
13133,4844233.1
13134,1273446.2
13135,1536761.93333
13136,703913.333333
13137,1231785.33333
13138,2536589.7
13139,742209.366667
13140,1444360.66667
13141,7492265.1
13142,1587870.83333
13143,998382.1
13144,1933802.7
13145,2203066.3
13146,1258192.6
13147,1657534.66667
13148,2213872.06667
13149,3357691.23333
13150,2083231.86667
13151,1402779.16667
13152,1720990.5
13153,2988287.7
13154,1128173.9
13155,977336.8
13156,699704.0
13157,2757375.0
13158,796888.1
13159,1791406.8
13160,2010793.46667
13161,1207042.16667
13162,1659060.9
13163,1270489.33333
13164,5580271.46667
13165,1957839.1
13166,2235884.3
13167,1728376.43333
13168,537849.466667
13169,776608.0
13170,1344526.73333
13171,1028601.0
13172,1700476.0
13173,1411799.86667
13174,1459046.8
13175,831078.0
13176,1826190.6
13177,1468679.16667
13178,1412511.13333
13179,1113354.66667
13180,806572.133333
13181,1469453.2
13182,553920.933333
13183,587022.2
13184,1551930.3
13185,2691151.16667
13186,700071.533333
13187,1558526.4
13188,868617.666667
13189,660215.6
13190,1469168.1
13191,1006178.73333
13192,2255960.26667
13193,4228949.86667
13194,1503130.5
13195,2512591.46667
13196,776331.733333
13197,734232.833333
13198,1522941.0
13199,7595124.4
13200,824605.2
13201,1930825.3
13202,1319400.5
13203,1230384.0
13204,6664640.4
13205,937149.3
13206,1187126.5
13207,559211.2
13208,1305482.7
13209,1038099.2
13210,2941414.4
13211,841124.7
13212,906618.4
13213,1211672.0
13214,1265333.33333
13215,1889040.43333
13216,1126018.03333
13217,1471531.73333
13218,2224416.66667
13219,4105259.2
13220,1136577.2
13221,1367965.66667
13222,2055207.46667
13223,1203767.4
13224,539071.5
13225,1763976.66667
13226,941809.1
13227,1444165.5
13228,2021000.8
13229,8152366.1
13230,4194504.6
13231,2909935.86667
13232,990528.0
13233,2605506.0
13234,1604880.2
13235,1108757.33333
13236,1537864.0
13237,787562.166667
13238,797943.466667
13239,6322272.6
13240,2298226.33333
13241,2052352.86667
13242,2295860.0
13243,2889388.7
13244,1517970.0
13245,1081830.4
13246,897288.0
13247,2044325.6
13248,2547372.8
13249,942011.6
13250,1592157.66667
13251,2938826.03333
13252,1369963.46667
13253,3902429.66667
13254,1123543.66667
13255,521525.4
13256,2702676.6
13257,412518.6
13258,993509.333333
13259,1130915.93333
13260,1340365.4
13261,1500905.06667
13262,2289204.0
13263,997250.4
13264,1550385.9
13265,2005535.6
13266,1245985.53333
13267,604697.5
13268,1122260.9
13269,904089.333333
13270,934162.666667
13271,897760.0
13272,21643025.6
13273,1513315.66667
13274,742519.2
13275,2193424.8
13276,1525012.13333
13277,1252885.0
13278,2281181.5
13279,1215474.33333
13280,1292795.7
13281,878222.8
13282,2285302.5
13283,1029554.13333
13284,585126.1
13285,5089249.4
13286,1213766.0
13287,2142395.83333
13288,1688027.66667
13289,2060508.0
13290,938616.0
13291,936672.0
13292,961590.3
13293,3142943.7
13294,2274092.2
13295,1709356.53333
13296,4783684.16667
13297,2861021.8
13298,2136024.8
13299,2087255.83333
13300,6757115.46667
13301,1112994.13333
13302,2256044.0
13303,1052975.43333
13304,611032.9
13305,1725196.2
13306,1314596.8
13307,1382423.1
13308,3099275.9
13309,2128926.9
13310,3889427.5
13311,4427445.0
13312,1289195.6
13313,3329179.8
13314,1672135.86667
13315,1990480.0
13316,981250.9
13317,1183183.2
13318,920242.866667
13319,4321608.4
13320,894007.4
13321,867073.333333
13322,782990.0
13323,883905.733333
13324,1237742.13333
13325,4201376.4
13326,678888.7
13327,2210101.6
13328,2652188.4
13329,2506194.8
13330,1433171.4
13331,2516861.33333
13332,1042499.46667
13333,3209710.53333
13334,4278739.0
13335,916706.6
13336,1428948.03333
13337,1525726.4
13338,12133111.6
13339,1775400.0
13340,1035033.86667
13341,2398649.06667
13342,2976757.5
13343,563125.333333
13344,2042005.5
13345,1141020.0
13346,1041785.4
13347,1417102.13333
13348,854343.0
13349,4238770.2
13350,1308184.5
13351,1510570.53333
13352,4126982.33333
13353,2327290.93333
13354,1222722.13333
13355,2690142.0
13356,1978073.06667
13357,2426019.0
13358,2505871.5
13359,1402495.6
13360,921044.0
13361,961485.533333
13362,1289108.93333
13363,1191276.13333
13364,1010758.23333
13365,1006686.66667
13366,1035538.16667
13367,2402062.6
13368,1262062.6
13369,1010777.83333
13370,3539704.3
13371,827173.8
13372,889470.533333
13373,1236358.93333
13374,853498.8
13375,3572361.86667
13376,763930.2
13377,1347285.86667
13378,1522109.4
13379,1656124.86667
13380,2099372.8
13381,6816425.0
13382,560556.8
13383,1182858.86667
13384,1783081.8
13385,1369496.3
13386,1406103.2
13387,671261.066667
13388,1082596.1
13389,4387136.0
13390,1250006.2
13391,1551034.8
13392,3489174.0
13393,1298148.5
13394,1039312.8
13395,9609959.4
13396,2247198.4
13397,855920.866667
13398,1878326.0
13399,867988.0
13400,1292065.8
13401,2084880.0
13402,950368.533333
13403,3057395.0
13404,1892176.2
13405,2099774.6
13406,647860.0
13407,1085396.66667
13408,968155.466667
13409,864454.5
13410,1409819.33333
13411,1510800.26667
13412,2865047.3
13413,786217.5
13414,1099037.6
13415,3269558.0
13416,917795.3
13417,2541119.26667
13418,1254627.66667
13419,7686975.0
13420,7390614.0
13421,7564158.5
13422,1188771.86667
13423,8444319.0
13424,907060.0
13425,3072018.0
13426,1206686.83333
13427,958456.2
13428,2200917.9
13429,2505697.2
13430,1134959.83333
13431,889416.666667
13432,1547875.2
13433,2381314.16667
13434,1195501.4
13435,611721.5
13436,1347141.8
13437,865850.9
13438,2772199.96667
13439,2939077.7
13440,1798475.4
13441,1934861.5
13442,4412684.66667
13443,1766693.33333
13444,1793944.06667
13445,1175712.3
13446,856216.166667
13447,3866668.0
13448,552849.266667
13449,1193431.66667
13450,1172509.2
13451,3646583.46667
13452,1051376.0
13453,736393.233333
13454,817210.0
13455,774566.8
13456,1207590.93333
13457,1076643.8
13458,1451080.0
13459,819636.0
13460,1142120.13333
13461,1064510.53333
13462,1844823.7
13463,1305858.13333
13464,926384.6
13465,1387102.93333
13466,1779830.13333
13467,1047442.0
13468,970658.0
13469,1327521.0
13470,1279711.6
13471,1309650.0
13472,1139408.1
13473,983404.5
13474,5211766.93333
13475,576782.8
13476,5067173.33333
13477,3134368.8
13478,2133348.7
13479,942155.1
13480,718312.833333
13481,3935885.2
13482,1330904.46667
13483,846600.3
13484,5309620.2
13485,1528062.0
13486,1810170.13333
13487,1265457.2
13488,1023244.86667
13489,1515405.5
13490,1797462.53333
13491,1790409.6
13492,880772.933333
13493,4674314.76667
13494,1365808.33333
13495,1689737.16667
13496,1814542.6
13497,1228505.86667
13498,996714.533333
13499,2060097.0
13500,1186346.66667
13501,619522.5
13502,1069250.0
13503,1181007.0
13504,2008720.0
13505,1602842.4
13506,1006711.36667
13507,1312189.66667
13508,1292800.0
13509,4606816.0
13510,675928.933333
13511,972459.0
13512,1118997.93333
13513,1300003.46667
13514,6169468.5
13515,1324260.6
13516,1891400.33333
13517,711273.266667
13518,1241878.0
13519,1167575.26667
13520,1200212.46667
13521,1839337.6
13522,1362219.53333
13523,2387863.06667
13524,1238153.2
13525,2166427.2
13526,819652.8
13527,637617.2
13528,1704578.63333
13529,3692848.4
13530,3294426.66667
13531,1882717.6
13532,797458.666667
13533,1302805.8
13534,2000374.96667
13535,1399943.3
13536,10868287.2667
13537,1089820.0
13538,962877.333333
13539,886400.0
13540,1283270.3
13541,847770.8
13542,1027735.56667
13543,1632814.8
13544,1490881.3
13545,1409411.66667
13546,2601037.7
13547,1885804.8
13548,3227875.0
13549,2584260.33333
13550,1783717.2
13551,1656171.0
13552,3723918.0
13553,1750085.0
13554,1280784.46667
13555,3471426.33333
13556,2887423.2
13557,1031482.8
13558,1163685.63333
13559,874441.333333
13560,3745794.06667
13561,930109.466667
13562,1985233.66667
13563,875140.933333
13564,598489.1
13565,1273162.8
13566,1147556.93333
13567,1054515.2
13568,1522255.0
13569,1136892.4
13570,1766126.2
13571,1246521.83333
13572,1396400.13333
13573,3575161.8
13574,1026634.8
13575,2520494.5
13576,1182951.96667
13577,1704318.4
13578,2902335.33333
13579,1457817.8
13580,3673574.4
13581,1249549.16667
13582,942233.333333
13583,1693276.6
13584,1168766.5
13585,4244646.66667
13586,1358234.0
13587,2443557.33333
13588,1463280.0
13589,503672.4
13590,1991937.0
13591,2391371.5
13592,1424316.2
13593,4322935.46667
13594,856387.4
13595,19793093.4667
13596,1265639.8
13597,1160185.6
13598,8717523.6
13599,2067060.0
13600,3646470.4
13601,1090859.46667
13602,1532803.93333
13603,3820306.56667
13604,1710198.3
13605,3203649.53333
13606,1610781.86667
13607,821585.0
13608,2052550.06667
13609,1468097.1
13610,10503221.6
13611,11880309.0667
13612,2059287.0
13613,1789491.73333
13614,1115505.13333
13615,5270295.33333
13616,2147795.26667
13617,1576784.53333
13618,2492011.13333
13619,1953587.06667
13620,2532379.5
13621,1485383.9
13622,2928766.8
13623,2603079.2
13624,1925042.06667
13625,1397572.0
13626,1397142.16667
13627,4430954.46667
13628,1243009.6
13629,1618002.0
13630,2257070.4
13631,2584969.0
13632,1534020.5
13633,1141949.8
13634,941044.666667
13635,1071453.46667
13636,4001222.4
13637,1303146.16667
13638,1037318.33333
13639,5718087.3
13640,1273812.5
13641,1047829.0
13642,1579527.53333
13643,1481868.0
13644,7253708.5
13645,926687.0
13646,3026993.23333
13647,3218442.13333
13648,2756932.73333
13649,1508591.46667
13650,1114454.13333
13651,3126502.4
13652,4442749.73333
13653,1031256.26667
13654,2410198.13333
13655,878378.666667
13656,1537650.4
13657,1880158.93333
13658,889639.866667
13659,1762828.06667
13660,3526205.83333
13661,1482203.8
13662,2570344.7
13663,1072815.4
13664,1535379.3
13665,1167059.83333
13666,6799407.2
13667,959489.333333
13668,2500612.4
13669,3570266.33333
13670,2460559.9
13671,4665948.4
13672,7045197.86667
13673,2482933.73333
13674,2674761.6
13675,1086381.0
13676,667392.966667
13677,1204016.0
13678,1121181.66667
13679,1052700.0
13680,1082705.53333
13681,1173342.1
13682,603357.333333
13683,3770431.6
13684,787417.0
13685,1990767.43333
13686,914345.833333
13687,1591461.0
13688,772106.166667
13689,2169007.46667
13690,630022.133333
13691,1115662.8
13692,1030814.6
13693,1258919.93333
13694,875691.0
13695,663134.233333
13696,1860616.8
13697,1912821.3
13698,4216280.5
13699,967034.6
13700,1908660.6
13701,2873920.0
13702,1215066.66667
13703,928241.6
13704,1076480.33333
13705,2907629.96667
13706,1224386.8
13707,2493071.7
13708,2828184.53333
13709,1198528.2
13710,1296005.8
13711,1135388.8
13712,998500.866667
13713,1801175.33333
13714,1933414.06667
13715,1387825.66667
13716,2190619.66667
13717,5045203.8
13718,1709083.36667
13719,1240555.33333
13720,1674054.0
13721,1339002.2
13722,2154344.53333
13723,2032750.3
13724,4140537.0
13725,1527206.4
13726,13947966.2
13727,1582394.83333
13728,767449.666667
13729,2677687.83333
13730,1273389.06667
13731,1464596.0
13732,2677973.66667
13733,2035212.66667
13734,3480683.73333
13735,1054792.86667
13736,1667483.83333
13737,1968436.8
13738,2381192.66667
13739,877855.033333
13740,599961.6
13741,2491841.73333
13742,1549802.1
13743,2000509.06667
13744,8680895.2
13745,990136.0
13746,919872.0
13747,2423325.3
13748,818197.466667
13749,576761.466667
13750,1370932.26667
13751,1704944.1
13752,3809047.33333
13753,964236.666667
13754,1517810.5
13755,1364697.6
13756,1200897.0
13757,2841792.0
13758,2464094.93333
13759,1932821.76667
13760,2190929.0
13761,2370400.2
13762,2275215.83333
13763,1061166.4
13764,898250.0
13765,1603495.2
13766,908180.066667
13767,1015134.86667
13768,1624395.5
13769,2052612.03333
13770,934284.266667
13771,1245137.83333
13772,2990567.7
13773,3169497.66667
13774,1816341.5
13775,1533242.33333
13776,1590452.93333
13777,3125072.13333
13778,3142200.0
13779,17090391.2667
13780,1905845.06667
13781,2453198.36667
13782,1271122.66667
13783,1497748.6
13784,1082632.03333
13785,1074603.26667
13786,3325660.0
13787,3192538.33333
13788,3002691.6
13789,1339945.5
13790,2888625.66667
13791,881676.2
13792,5520418.46667
13793,1802360.0
13794,1226103.73333
13795,2009102.8
13796,2506323.73333
13797,998230.266667
13798,1312333.0
13799,963072.666667
13800,3242023.2
13801,934807.066667
13802,1171257.66667
13803,2190616.33333
13804,1258186.66667
13805,1418577.33333
13806,1023504.9
13807,585271.566667
13808,4020547.4
13809,2295967.46667
13810,3095438.93333
13811,2935290.16667
13812,1423483.2
13813,1997316.0
13814,1439757.2
13815,788542.333333
13816,2069823.46667
13817,724982.133333
13818,730726.966667
13819,1101444.46667
13820,2903720.13333
13821,1534275.6
13822,871708.9
13823,752638.933333
13824,879926.4
13825,1253395.73333
13826,995175.933333
13827,2606674.66667
13828,1947778.26667
13829,975804.7
13830,921884.6
13831,2086438.93333
13832,1356114.2
13833,937116.7
13834,1875330.46667
13835,2791540.0
13836,1241296.33333
13837,988256.533333
13838,1600423.06667
13839,1032142.06667
13840,742128.0
13841,1191510.96667
13842,785667.666667
13843,1062474.5
13844,2106238.33333
13845,878506.066667
13846,3689736.0
13847,2005594.63333
13848,915136.2
13849,1066143.0
13850,3130394.5
13851,1459024.93333
13852,771489.0
13853,1015135.8
13854,1193146.8
13855,749952.933333
13856,2329430.4
13857,821870.466667
13858,576480.0
13859,755493.666667
13860,1021364.66667
13861,2322144.0
13862,815623.733333
13863,2460431.86667
13864,1948089.2
13865,2220587.33333
13866,1086504.66667
13867,2067105.6
13868,1096134.5
13869,1934041.36667
13870,975015.4
13871,3614210.76667
13872,1073896.86667
13873,824021.733333
13874,1551958.1
13875,1594662.23333
13876,2576613.0
13877,571965.6
13878,1186761.33333
13879,5612884.26667
13880,1762946.1
13881,1518530.4
13882,1397825.56667
13883,1025622.4
13884,2042754.0
13885,40515841.6667
13886,1826263.2
13887,2782596.66667
13888,1290294.46667
13889,1358432.63333
13890,1237652.0
13891,1023695.0
13892,2012668.0
13893,542530.3
13894,2715386.0
13895,1689370.8
13896,901606.933333
13897,2421406.8
13898,1079581.06667
13899,787876.5
13900,1009474.66667
13901,2432344.36667
13902,2310313.13333
13903,1951592.13333
13904,4092924.63333
13905,1184841.23333
13906,593979.833333
13907,1102099.16667
13908,3013736.0
13909,1822539.6
13910,1129157.33333
13911,22720616.2
13912,1722168.96667
13913,2985518.66667
13914,1468584.06667
13915,998403.0
13916,792858.0
13917,1891270.13333
13918,947934.0
13919,2210783.4
13920,2904834.0
13921,1494986.66667
13922,861273.0
13923,1321015.9
13924,1143189.0
13925,1338415.46667
13926,2067726.0
13927,4695493.3
13928,1972683.0
13929,1159891.2
13930,5771119.4
13931,1199487.66667
13932,1587059.2
13933,985068.3
13934,1505897.43333
13935,1402425.0
13936,976903.2
13937,1190099.3
13938,3366056.26667
13939,819745.3
13940,1497589.46667
13941,1064874.93333
13942,9844085.56667
13943,3208200.8
13944,1043145.6
13945,1051852.33333
13946,636678.333333
13947,5043550.63333
13948,2177870.83333
13949,1078566.3
13950,1539746.83333
13951,1221662.4
13952,2065790.13333
13953,1485842.73333
13954,5873451.73333
13955,1262449.46667
13956,4317534.66667
13957,1587397.13333
13958,1243803.16667
13959,1374199.0
13960,1742987.96667
13961,1025554.13333
13962,1112032.43333
13963,8116692.33333
13964,4660514.36667
13965,1991483.16667
13966,1256855.6
13967,820733.4
13968,1786608.7
13969,1198683.33333
13970,2398938.73333
13971,2682396.0
13972,1207980.8
13973,3051621.1
13974,877994.733333
13975,921073.133333
13976,960394.133333
13977,1660077.6
13978,3018801.23333
13979,1244955.7
13980,4063912.5
13981,1351962.5
13982,958692.333333
13983,1293673.46667
13984,3965700.66667
13985,1587832.4
13986,2035023.0
13987,2791697.6
13988,3100600.5
13989,1258134.5
13990,1869714.0
13991,3103900.8
13992,4740363.83333
13993,972182.4
13994,1522375.0
13995,1045562.33333
13996,1246666.0
13997,2168852.1
13998,755740.566667
13999,1633265.06667
14000,1011308.73333
14001,1362570.06667
14002,1234839.66667
14003,564965.866667
14004,1142906.1
14005,1094148.0
14006,968987.8
14007,2069853.0
14008,2480744.46667
14009,1749476.3
14010,2169466.43333
14011,4946802.3
14012,1633704.6
14013,11188326.4
14014,597619.366667
14015,1236506.93333
14016,1038077.46667
14017,1024404.0
14018,3645818.16667
14019,3081062.33333
14020,1554387.9
14021,2513932.66667
14022,1226251.46667
14023,1198330.66667
14024,951859.466667
14025,840063.766667
14026,1278478.86667
14027,1155587.76667
14028,904154.533333
14029,1475259.73333
14030,1870496.0
14031,6139146.23333
14032,1411763.66667
14033,888826.5
14034,8051273.43333
14035,873209.6
14036,848504.7
14037,867517.2
14038,929383.266667
14039,801904.7
14040,4996044.0
14041,1118928.26667
14042,3356376.83333
14043,1733509.86667
14044,901196.333333
14045,3383816.8
14046,470157.666667
14047,946591.6
14048,1604124.8
14049,1258701.83333
14050,1055269.9
14051,1209672.53333
14052,1058911.33333
14053,1760108.86667
14054,2932657.2
14055,598913.333333
14056,559514.633333
14057,1101552.66667
14058,2730166.0
14059,2542931.5
14060,1442415.33333
14061,1102848.73333
14062,15765662.3
14063,1882073.4
14064,1248005.0
14065,1404788.33333
14066,943534.5
14067,3638235.6
14068,1071507.73333
14069,7539280.73333
14070,1256158.6
14071,1120289.33333
14072,847431.0
14073,4658409.06667
14074,1951797.1
14075,5792294.13333
14076,992802.933333
14077,4076749.6
14078,1978098.9
14079,1431981.33333
14080,739768.8
14081,786775.033333
14082,3412887.33333
14083,1966409.53333
14084,2156029.33333
14085,2071275.73333
14086,1262710.96667
14087,7110793.2
14088,2093267.8
14089,872825.8
14090,1369817.4
14091,10136964.0
14092,4084528.13333
14093,2355577.53333
14094,826621.366667
14095,2705357.6
14096,1124038.66667
14097,1001513.0
14098,2395625.2
14099,548310.0
14100,1775817.4
14101,988034.766667
14102,985004.533333
14103,1488188.63333
14104,3730517.46667
14105,2233982.33333
14106,970701.333333
14107,701836.5
14108,1054200.76667
14109,1280212.5
14110,1236954.76667
14111,1918595.0
14112,1604830.5
14113,1107775.2
14114,1416445.0
14115,2138352.06667
14116,1391889.63333
14117,1592281.2
14118,885505.866667
14119,932982.0
14120,6797431.66667
14121,2062920.0
14122,688182.133333
14123,4145398.4
14124,1119763.23333
14125,1263353.86667
14126,1711125.6
14127,5745188.8
14128,781517.5
14129,1450191.4
14130,1255329.3
14131,2591207.6
14132,997822.333333
14133,871652.166667
14134,2932500.0
14135,2016987.0
14136,1217829.0
14137,1426006.63333
14138,3406450.66667
14139,1391001.6
14140,1235184.3
14141,2204547.66667
14142,1293752.0
14143,1379555.66667
14144,1116970.4
14145,1591721.43333
14146,1055262.53333
14147,801799.866667
14148,883146.0
14149,2841813.83333
14150,3831946.8
14151,1023158.53333
14152,1029120.0
14153,1598294.5
14154,639355.366667
14155,1244770.0
14156,1942136.33333
14157,1148960.66667
14158,1017183.86667
14159,1148702.06667
14160,880984.0
14161,1558897.3
14162,1642703.4
14163,2407703.43333
14164,951523.8
14165,1284353.06667
14166,1268732.5
14167,934637.6
14168,895328.933333
14169,730392.0
14170,666915.9
14171,971907.0
14172,1113509.8
14173,1361437.0
14174,868564.333333
14175,1029216.0
14176,1290508.3
14177,1569955.4
14178,2451131.1
14179,1573817.7
14180,647584.5
14181,2598919.2
14182,2331678.06667
14183,1150663.0
14184,1542893.1
14185,825801.6
14186,1059903.9
14187,1880576.16667
14188,1079408.2
14189,3024320.13333
14190,5029191.7
14191,859501.066667
14192,2104012.83333
14193,1993180.5
14194,650816.833333
14195,1226412.0
14196,1458395.4
14197,998214.0
14198,4209357.6
14199,1964466.2
14200,1670058.6
14201,2057258.4
14202,827035.066667
14203,883176.0
14204,9212977.4
14205,1142306.13333
14206,7639813.6
14207,8700842.6
14208,3029209.6
14209,956280.8
14210,3673390.0
14211,7815156.93333
14212,1041842.4
14213,7848344.26667
14214,1450849.4
14215,627748.0
14216,6544197.5
14217,2239020.0
14218,5307271.2
14219,1121158.13333
14220,4875738.0
14221,1392155.6
14222,2774644.2
14223,2269193.13333
14224,977650.466667
14225,404961.866667
14226,940381.0
14227,2328931.6
14228,2516458.8
14229,6976268.9
14230,2055681.6
14231,1022602.66667
14232,3830751.66667
14233,1842732.26667
14234,2450376.06667
14235,3128122.66667
14236,1009981.06667
14237,899730.0
14238,2184401.86667
14239,2608518.0
14240,1305908.83333
14241,3818331.2
14242,1504477.33333
14243,5873121.23333
14244,1038049.8
14245,2039678.33333
14246,1550610.4
14247,1599230.16667
14248,1057444.2
14249,780720.6
14250,1049029.13333
14251,905562.9
14252,1020317.2
14253,2749966.2
14254,1269709.6
14255,928479.2
14256,603381.333333
14257,2757184.1
14258,1161773.7
14259,1014635.2
14260,1380496.66667
14261,1365983.66667
14262,1837828.8
14263,1063920.1
14264,968469.0
14265,2425016.0
14266,2050596.9
14267,1340303.8
14268,1619832.0
14269,1107256.8
14270,1988840.1
14271,607234.666667
14272,1762095.83333
14273,7174031.2
14274,14495248.6
14275,1912052.1
14276,1984915.2
14277,9988169.1
14278,1054691.9
14279,1078977.3
14280,1306860.8
14281,1823349.0
14282,2006258.0
14283,1939583.8
14284,1191662.6
14285,1404631.43333
14286,702715.5
14287,2787757.6
14288,1452137.4
14289,933573.666667
14290,1208701.2
14291,724243.366667
14292,1210414.0
14293,1624698.2
14294,2387198.8
14295,1449624.26667
14296,2839774.0
14297,1366426.3
14298,1842630.0
14299,5365112.33333
14300,3373612.66667
14301,2544865.4
14302,13719436.9
14303,1064627.7
14304,8597938.2
14305,1351786.66667
14306,928133.266667
14307,6778075.0
14308,756988.4
14309,1128290.53333
14310,1226771.0
14311,913790.4
14312,1084224.43333
14313,3524073.3
14314,1000047.53333
14315,5077439.03333
14316,812656.766667
14317,1309002.8
14318,2861158.6
14319,1118846.5
14320,764774.4
14321,1081372.46667
14322,1479941.46667
14323,1970181.36667
14324,5294075.4
14325,794542.5
14326,2903028.8
14327,3427630.53333
14328,1180564.23333
14329,1358153.7
14330,3864001.56667
14331,846027.6
14332,1006635.6
14333,1272603.73333
14334,1620264.6
14335,1114454.0
14336,2162376.7
14337,2714221.03333
14338,1042754.7
14339,2028326.0
14340,1673160.0
14341,975867.6
14342,1507385.6
14343,1422422.8
